row_index,base_value,predicted_value,model_prediction,additive_consistent,feature_name,feature_value,shap_value,direction
0,18.887224,15.111292403244018,15.104076385498047,True,demand_lag_14,20.0,0.5310879349708557,positive
0,18.887224,15.111292403244018,15.104076385498047,True,demand_lag_28,19.0,0.5112448334693909,positive
0,18.887224,15.111292403244018,15.104076385498047,True,inventory_change_1d,421.0,0.15475764870643616,positive
0,18.887224,15.111292403244018,15.104076385498047,True,demand_rolling_min_7,15.0,0.13910715281963348,positive
0,18.887224,15.111292403244018,15.104076385498047,True,demand_momentum_7_28,0.8520408163265306,0.12104583531618118,positive
0,18.887224,15.111292403244018,15.104076385498047,True,unit_gross_margin_dollar,64.1,0.12004102021455765,positive
0,18.887224,15.111292403244018,15.104076385498047,True,week_cos,0.8854560256532099,0.11005695164203644,positive
0,18.887224,15.111292403244018,15.104076385498047,True,price_rolling_mean_28,145.76464285714286,0.10181435942649841,positive
0,18.887224,15.111292403244018,15.104076385498047,True,demand_rolling_max_14,44.0,0.06087222322821617,positive
0,18.887224,15.111292403244018,15.104076385498047,True,competitor_price,144.08,0.05852949246764183,positive
0,18.887224,15.111292403244018,15.104076385498047,True,day_of_week,6.0,-1.867576241493225,negative
0,18.887224,15.111292403244018,15.104076385498047,True,demand_lag_7,19.0,-1.6356276273727417,negative
0,18.887224,15.111292403244018,15.104076385498047,True,price_to_cost_markup,1.6967391304347825,-0.31740060448646545,negative
0,18.887224,15.111292403244018,15.104076385498047,True,price_deviation_rolling_7,6.28714285714284,-0.2137608677148819,negative
0,18.887224,15.111292403244018,15.104076385498047,True,dow_sin,-0.7818314824680299,-0.20347477495670319,negative
0,18.887224,15.111292403244018,15.104076385498047,True,price_lag_1,154.97,-0.14515617489814758,negative
0,18.887224,15.111292403244018,15.104076385498047,True,demand_rolling_mean_7,23.857142857142858,-0.13943524658679962,negative
0,18.887224,15.111292403244018,15.104076385498047,True,revenue_lag_1,2324.55,-0.13494105637073517,negative
0,18.887224,15.111292403244018,15.104076385498047,True,price_deviation_rolling_28,10.335357142857134,-0.12936170399188995,negative
0,18.887224,15.111292403244018,15.104076385498047,True,day_of_year,25.0,-0.1263943910598755,negative
1,18.887224,8.445957940124512,8.438746452331543,True,day_of_week,0.0,0.35960614681243896,positive
1,18.887224,8.445957940124512,8.438746452331543,True,week_sin,-0.46472317204376806,0.22533723711967468,positive
1,18.887224,8.445957940124512,8.438746452331543,True,competitor_spread_pct,-11.555710670971116,0.04624814912676811,positive
1,18.887224,8.445957940124512,8.438746452331543,True,price_rolling_mean_28,508.02392857142866,0.03273237869143486,positive
1,18.887224,8.445957940124512,8.438746452331543,True,price_deviation_rolling_7,-5.952857142857226,0.02835058979690075,positive
1,18.887224,8.445957940124512,8.438746452331543,True,dow_sin,0.0,0.021895181387662888,positive
1,18.887224,8.445957940124512,8.438746452331543,True,month_sin,-0.4999999999999997,0.020925145596265793,positive
1,18.887224,8.445957940124512,8.438746452331543,True,competitor_price_ratio,0.8844428932902888,0.02091665379703045,positive
1,18.887224,8.445957940124512,8.438746452331543,True,demand_momentum_7_28,0.9760765550239234,0.01775519922375679,positive
1,18.887224,8.445957940124512,8.438746452331543,True,competitor_price_diff,-66.21999999999997,0.01044460665434599,positive
1,18.887224,8.445957940124512,8.438746452331543,True,demand_lag_7,8.0,-3.5414462089538574,negative
1,18.887224,8.445957940124512,8.438746452331543,True,demand_lag_14,8.0,-2.0205280780792236,negative
1,18.887224,8.445957940124512,8.438746452331543,True,demand_lag_28,9.0,-1.783254861831665,negative
1,18.887224,8.445957940124512,8.438746452331543,True,log_price,6.2281756416437295,-0.8018277883529663,negative
1,18.887224,8.445957940124512,8.438746452331543,True,demand_rolling_mean_28,7.464285714285714,-0.7267227172851562,negative
1,18.887224,8.445957940124512,8.438746452331543,True,demand_rolling_mean_14,7.214285714285714,-0.38596439361572266,negative
1,18.887224,8.445957940124512,8.438746452331543,True,demand_rolling_mean_7,7.285714285714286,-0.23976777493953705,negative
1,18.887224,8.445957940124512,8.438746452331543,True,price_lag_1,498.38,-0.19485978782176971,negative
1,18.887224,8.445957940124512,8.438746452331543,True,demand_rolling_std_7,1.2535663410560303,-0.17735622823238373,negative
1,18.887224,8.445957940124512,8.438746452331543,True,week_cos,-0.8854560256532101,-0.15804603695869446,negative
2,18.887224,28.045664589904785,28.0384464263916,True,demand_lag_7,29.0,4.229856014251709,positive
2,18.887224,28.045664589904785,28.0384464263916,True,demand_lag_28,35.0,4.013156414031982,positive
2,18.887224,28.045664589904785,28.0384464263916,True,log_price,4.244917420701475,1.6284856796264648,positive
2,18.887224,28.045664589904785,28.0384464263916,True,price_to_cost_markup,1.453125,0.6034578084945679,positive
2,18.887224,28.045664589904785,28.0384464263916,True,day_of_year,319.0,0.41554173827171326,positive
2,18.887224,28.045664589904785,28.0384464263916,True,week_sin,-0.6631226582407955,0.4062204360961914,positive
2,18.887224,28.045664589904785,28.0384464263916,True,demand_rolling_mean_28,43.32142857142857,0.36563640832901,positive
2,18.887224,28.045664589904785,28.0384464263916,True,demand_rolling_mean_7,42.42857142857143,0.2313007116317749,positive
2,18.887224,28.045664589904785,28.0384464263916,True,competitor_price,65.65,0.20460420846939087,positive
2,18.887224,28.045664589904785,28.0384464263916,True,price_lag_1,59.99,0.16236527264118195,positive
2,18.887224,28.045664589904785,28.0384464263916,True,day_of_week,5.0,-2.8458642959594727,negative
2,18.887224,28.045664589904785,28.0384464263916,True,price_pct_change_1d,16.269378229704948,-0.39242732524871826,negative
2,18.887224,28.045664589904785,28.0384464263916,True,demand_lag_14,24.0,-0.27972787618637085,negative
2,18.887224,28.045664589904785,28.0384464263916,True,dow_sin,-0.9749279121818236,-0.21347272396087646,negative
2,18.887224,28.045664589904785,28.0384464263916,True,price_deviation_rolling_28,2.9742857142857275,-0.12983238697052002,negative
2,18.887224,28.045664589904785,28.0384464263916,True,price_lag_14,68.74,-0.11291597783565521,negative
2,18.887224,28.045664589904785,28.0384464263916,True,revenue_lag_1,2879.52,-0.10409872233867645,negative
2,18.887224,28.045664589904785,28.0384464263916,True,price_change_1d,9.759999999999998,-0.09908362478017807,negative
2,18.887224,28.045664589904785,28.0384464263916,True,inventory_lag_1,271.0,-0.08597008883953094,negative
2,18.887224,28.045664589904785,28.0384464263916,True,competitor_price_diff,4.099999999999994,-0.0815218836069107,negative
3,18.887224,20.59038595487976,20.58316421508789,True,demand_lag_28,24.0,4.043355941772461,positive
3,18.887224,20.59038595487976,20.58316421508789,True,demand_lag_14,23.0,1.6822974681854248,positive
3,18.887224,20.59038595487976,20.58316421508789,True,day_of_week,2.0,0.6375497579574585,positive
3,18.887224,20.59038595487976,20.58316421508789,True,revenue_rolling_mean_7,2921.6585714285716,0.1828528195619583,positive
3,18.887224,20.59038595487976,20.58316421508789,True,dow_sin,0.9749279121818236,0.15240003168582916,positive
3,18.887224,20.59038595487976,20.58316421508789,True,demand_momentum_7_28,0.8673139158576051,0.1260308176279068,positive
3,18.887224,20.59038595487976,20.58316421508789,True,price_rolling_mean_28,147.72250000000003,0.09477648884057999,positive
3,18.887224,20.59038595487976,20.58316421508789,True,price_deviation_rolling_7,-2.5142857142857054,0.07723137736320496,positive
3,18.887224,20.59038595487976,20.58316421508789,True,days_of_supply_proxy,8.41044776119403,0.07089211791753769,positive
3,18.887224,20.59038595487976,20.58316421508789,True,log_inventory_level,5.087596335232384,0.05453754588961601,positive
3,18.887224,20.59038595487976,20.58316421508789,True,demand_lag_7,19.0,-1.999523639678955,negative
3,18.887224,20.59038595487976,20.58316421508789,True,demand_rolling_mean_28,22.071428571428573,-0.6380318999290466,negative
3,18.887224,20.59038595487976,20.58316421508789,True,week_sin,0.9350162426854148,-0.4181153178215027,negative
3,18.887224,20.59038595487976,20.58316421508789,True,price_to_cost_markup,1.6334782608695653,-0.3593819737434387,negative
3,18.887224,20.59038595487976,20.58316421508789,True,price_deviation_rolling_28,2.557499999999976,-0.26140278577804565,negative
3,18.887224,20.59038595487976,20.58316421508789,True,week_cos,-0.35460488704253545,-0.1924927979707718,negative
3,18.887224,20.59038595487976,20.58316421508789,True,demand_rolling_mean_7,19.142857142857142,-0.19126339256763458,negative
3,18.887224,20.59038595487976,20.58316421508789,True,demand_rolling_std_7,4.450789122113598,-0.13601213693618774,negative
3,18.887224,20.59038595487976,20.58316421508789,True,revenue_lag_7,2906.62,-0.12810035049915314,negative
3,18.887224,20.59038595487976,20.58316421508789,True,demand_rolling_std_28,5.4155371227646745,-0.12562254071235657,negative
4,18.887224,38.33516673376465,38.32793426513672,True,demand_lag_7,41.0,8.78076171875,positive
4,18.887224,38.33516673376465,38.32793426513672,True,demand_lag_14,39.0,5.043901443481445,positive
4,18.887224,38.33516673376465,38.32793426513672,True,demand_lag_28,47.0,4.850523471832275,positive
4,18.887224,38.33516673376465,38.32793426513672,True,log_price,4.234975691961846,1.4357839822769165,positive
4,18.887224,38.33516673376465,38.32793426513672,True,price_to_cost_markup,1.43875,0.6633262634277344,positive
4,18.887224,38.33516673376465,38.32793426513672,True,day_of_week,3.0,0.4916093051433563,positive
4,18.887224,38.33516673376465,38.32793426513672,True,price_lag_1,64.92,0.4662012457847595,positive
4,18.887224,38.33516673376465,38.32793426513672,True,day,2.0,0.22477111220359802,positive
4,18.887224,38.33516673376465,38.32793426513672,True,inventory_lag_1,688.0,0.20353083312511444,positive
4,18.887224,38.33516673376465,38.32793426513672,True,demand_rolling_mean_14,35.785714285714285,0.1750415563583374,positive
4,18.887224,38.33516673376465,38.32793426513672,True,demand_rolling_mean_28,37.142857142857146,-0.8020676374435425,negative
4,18.887224,38.33516673376465,38.32793426513672,True,demand_rolling_mean_7,34.42857142857143,-0.730144202709198,negative
4,18.887224,38.33516673376465,38.32793426513672,True,week_sin,0.992708874098054,-0.6944355964660645,negative
4,18.887224,38.33516673376465,38.32793426513672,True,month_sin,0.8660254037844387,-0.16839277744293213,negative
4,18.887224,38.33516673376465,38.32793426513672,True,demand_rolling_max_7,41.0,-0.1628812551498413,negative
4,18.887224,38.33516673376465,38.32793426513672,True,price_lag_14,67.87,-0.14070110023021698,negative
4,18.887224,38.33516673376465,38.32793426513672,True,price_rolling_mean_28,66.11392857142857,-0.12200487405061722,negative
4,18.887224,38.33516673376465,38.32793426513672,True,day_of_year,92.0,-0.1214241236448288,negative
4,18.887224,38.33516673376465,38.32793426513672,True,price_deviation_rolling_28,2.946071428571429,-0.11956391483545303,negative
4,18.887224,38.33516673376465,38.32793426513672,True,demand_rolling_std_14,7.767571360159167,-0.10705240070819855,negative
5,18.887224,28.162910264038086,28.155689239501953,True,demand_lag_7,34.0,5.4880828857421875,positive
5,18.887224,28.162910264038086,28.155689239501953,True,demand_lag_14,38.0,4.648672580718994,positive
5,18.887224,28.162910264038086,28.155689239501953,True,demand_lag_28,33.0,3.7643721103668213,positive
5,18.887224,28.162910264038086,28.155689239501953,True,day_of_week,2.0,0.6257757544517517,positive
5,18.887224,28.162910264038086,28.155689239501953,True,inventory_lag_1,799.0,0.571488618850708,positive
5,18.887224,28.162910264038086,28.155689239501953,True,price_lag_1,139.16,0.31917378306388855,positive
5,18.887224,28.162910264038086,28.155689239501953,True,week_sin,-0.4647231720437684,0.27353546023368835,positive
5,18.887224,28.162910264038086,28.155689239501953,True,price,149.0,0.17266826331615448,positive
5,18.887224,28.162910264038086,28.155689239501953,True,log_competitor_price,4.9238420751266165,0.12841354310512543,positive
5,18.887224,28.162910264038086,28.155689239501953,True,demand_rolling_min_7,17.0,0.10376645624637604,positive
5,18.887224,28.162910264038086,28.155689239501953,True,demand_rolling_mean_7,27.857142857142858,-1.4954646825790405,negative
5,18.887224,28.162910264038086,28.155689239501953,True,log_price,5.003946305945459,-0.8277826309204102,negative
5,18.887224,28.162910264038086,28.155689239501953,True,demand_rolling_mean_28,28.214285714285715,-0.8107506036758423,negative
5,18.887224,28.162910264038086,28.155689239501953,True,revenue_lag_7,4664.8,-0.5113202929496765,negative
5,18.887224,28.162910264038086,28.155689239501953,True,price_to_cost_markup,1.6195652173913044,-0.4752662777900696,negative
5,18.887224,28.162910264038086,28.155689239501953,True,price_lag_14,134.67,-0.4045131504535675,negative
5,18.887224,28.162910264038086,28.155689239501953,True,demand_rolling_mean_14,28.5,-0.37851470708847046,negative
5,18.887224,28.162910264038086,28.155689239501953,True,price_rolling_mean_7,145.73142857142858,-0.350957989692688,negative
5,18.887224,28.162910264038086,28.155689239501953,True,demand_rolling_max_7,36.0,-0.21574920415878296,negative
5,18.887224,28.162910264038086,28.155689239501953,True,demand_rolling_max_14,38.0,-0.20466476678848267,negative
6,18.887224,20.5461355858078,20.53891372680664,True,demand_lag_7,25.0,4.471920967102051,positive
6,18.887224,20.5461355858078,20.53891372680664,True,day_of_week,0.0,0.8583296537399292,positive
6,18.887224,20.5461355858078,20.53891372680664,True,demand_lag_14,22.0,0.6429904699325562,positive
6,18.887224,20.5461355858078,20.53891372680664,True,week_sin,0.35460488704253584,0.2995400130748749,positive
6,18.887224,20.5461355858078,20.53891372680664,True,revenue_lag_7,3520.75,0.28185388445854187,positive
6,18.887224,20.5461355858078,20.53891372680664,True,demand_lag_28,19.0,0.17435932159423828,positive
6,18.887224,20.5461355858078,20.53891372680664,True,competitor_price,140.75,0.11252929270267487,positive
6,18.887224,20.5461355858078,20.53891372680664,True,price_lag_7,140.83,0.10086711496114731,positive
6,18.887224,20.5461355858078,20.53891372680664,True,inventory_lag_1,684.0,0.09970276057720184,positive
6,18.887224,20.5461355858078,20.53891372680664,True,unit_gross_margin_dollar,65.77000000000001,0.08445381373167038,positive
6,18.887224,20.5461355858078,20.53891372680664,True,log_price,5.061138276269363,-1.4935040473937988,negative
6,18.887224,20.5461355858078,20.53891372680664,True,demand_rolling_mean_28,20.0,-1.219144344329834,negative
6,18.887224,20.5461355858078,20.53891372680664,True,price_to_cost_markup,1.7148913043478262,-0.6425250768661499,negative
6,18.887224,20.5461355858078,20.53891372680664,True,demand_rolling_mean_7,21.714285714285715,-0.38993406295776367,negative
6,18.887224,20.5461355858078,20.53891372680664,True,week_cos,-0.9350162426854147,-0.25327441096305847,negative
6,18.887224,20.5461355858078,20.53891372680664,True,price_deviation_rolling_7,14.704285714285732,-0.25264617800712585,negative
6,18.887224,20.5461355858078,20.53891372680664,True,price_rolling_mean_7,143.06571428571428,-0.22926068305969238,negative
6,18.887224,20.5461355858078,20.53891372680664,True,demand_momentum_7_28,1.0857142857142859,-0.2234627604484558,negative
6,18.887224,20.5461355858078,20.53891372680664,True,demand_rolling_std_28,5.156800615943242,-0.14855952560901642,negative
6,18.887224,20.5461355858078,20.53891372680664,True,days_of_supply_proxy,32.88157894736842,-0.10521512478590012,negative
7,18.887224,21.020565312408447,21.013334274291992,True,demand_lag_7,23.0,3.578904151916504,positive
7,18.887224,21.020565312408447,21.013334274291992,True,demand_lag_28,22.0,0.965525209903717,positive
7,18.887224,21.020565312408447,21.013334274291992,True,day_of_week,1.0,0.5802931189537048,positive
7,18.887224,21.020565312408447,21.013334274291992,True,week_sin,6.432490598706546e-16,0.3239671587944031,positive
7,18.887224,21.020565312408447,21.013334274291992,True,price_deviation_rolling_7,-5.4614285714285415,0.2339261919260025,positive
7,18.887224,21.020565312408447,21.013334274291992,True,price_lag_7,357.79,0.1982223242521286,positive
7,18.887224,21.020565312408447,21.013334274291992,True,inventory_change_1d,418.0,0.1704297959804535,positive
7,18.887224,21.020565312408447,21.013334274291992,True,price_lag_14,393.03,0.15059137344360352,positive
7,18.887224,21.020565312408447,21.013334274291992,True,inventory_lag_1,161.0,0.13647401332855225,positive
7,18.887224,21.020565312408447,21.013334274291992,True,price_pct_change_1d,-6.657503858024693,0.13091541826725006,positive
7,18.887224,21.020565312408447,21.013334274291992,True,log_price,5.958708890367991,-1.8190499544143677,negative
7,18.887224,21.020565312408447,21.013334274291992,True,demand_rolling_mean_28,17.321428571428573,-1.498706579208374,negative
7,18.887224,21.020565312408447,21.013334274291992,True,price_to_cost_markup,1.720488888888889,-0.43439385294914246,negative
7,18.887224,21.020565312408447,21.013334274291992,True,revenue_lag_7,8229.17,-0.26368457078933716,negative
7,18.887224,21.020565312408447,21.013334274291992,True,demand_rolling_mean_7,17.428571428571427,-0.23294785618782043,negative
7,18.887224,21.020565312408447,21.013334274291992,True,price_lag_1,414.72,-0.20368173718452454,negative
7,18.887224,21.020565312408447,21.013334274291992,True,demand_lag_14,17.0,-0.14405450224876404,negative
7,18.887224,21.020565312408447,21.013334274291992,True,demand_rolling_std_7,5.028490259085148,-0.12631745636463165,negative
7,18.887224,21.020565312408447,21.013334274291992,True,unit_gross_margin_pct,41.87698586964946,-0.10473219305276871,negative
7,18.887224,21.020565312408447,21.013334274291992,True,demand_rolling_min_28,10.0,-0.08450384438037872,negative
8,18.887224,40.40636615087891,40.399139404296875,True,demand_lag_7,25.0,5.467737197875977,positive
8,18.887224,40.40636615087891,40.399139404296875,True,demand_lag_28,39.0,4.40165376663208,positive
8,18.887224,40.40636615087891,40.399139404296875,True,demand_lag_14,29.0,2.282097816467285,positive
8,18.887224,40.40636615087891,40.399139404296875,True,day_of_week,4.0,1.3738023042678833,positive
8,18.887224,40.40636615087891,40.399139404296875,True,days_of_supply_proxy,5.902702702702703,1.1374341249465942,positive
8,18.887224,40.40636615087891,40.399139404296875,True,week_sin,-0.6631226582407955,0.7528426051139832,positive
8,18.887224,40.40636615087891,40.399139404296875,True,inventory_change_1d,-561.0,0.7089031338691711,positive
8,18.887224,40.40636615087891,40.399139404296875,True,log_price,4.9620751034808785,0.5595317482948303,positive
8,18.887224,40.40636615087891,40.399139404296875,True,inventory_level,156.0,0.5173941850662231,positive
8,18.887224,40.40636615087891,40.399139404296875,True,inventory_lag_1,717.0,0.3847615718841553,positive
8,18.887224,40.40636615087891,40.399139404296875,True,demand_rolling_mean_28,27.035714285714285,-0.23957115411758423,negative
8,18.887224,40.40636615087891,40.399139404296875,True,demand_rolling_mean_7,26.428571428571427,-0.12984786927700043,negative
8,18.887224,40.40636615087891,40.399139404296875,True,demand_rolling_min_28,15.0,-0.07005888968706131,negative
8,18.887224,40.40636615087891,40.399139404296875,True,competitor_spread_pct,-0.45977011494254616,-0.04015614092350006,negative
8,18.887224,40.40636615087891,40.399139404296875,True,price_rolling_mean_7,147.46857142857144,-0.0389089435338974,negative
8,18.887224,40.40636615087891,40.399139404296875,True,revenue_rolling_mean_7,3895.577142857143,-0.03243974596261978,negative
8,18.887224,40.40636615087891,40.399139404296875,True,competitor_price_ratio,0.9954022988505745,-0.03128819540143013,negative
8,18.887224,40.40636615087891,40.399139404296875,True,demand_rolling_max_28,39.0,-0.020772745832800865,negative
8,18.887224,40.40636615087891,40.399139404296875,True,demand_rolling_max_14,33.0,-0.019259227439761162,negative
8,18.887224,40.40636615087891,40.399139404296875,True,week_of_year,46.0,-0.007402094546705484,negative
9,18.887224,21.853570263885498,21.846359252929688,True,demand_lag_28,24.0,4.203717231750488,positive
9,18.887224,21.853570263885498,21.846359252929688,True,log_price,4.300002799195291,1.2026081085205078,positive
9,18.887224,21.853570263885498,21.846359252929688,True,demand_lag_14,22.0,0.8909710049629211,positive
9,18.887224,21.853570263885498,21.846359252929688,True,price_to_cost_markup,1.5354166666666667,0.7346406579017639,positive
9,18.887224,21.853570263885498,21.846359252929688,True,competitor_price,64.65,0.40130820870399475,positive
9,18.887224,21.853570263885498,21.846359252929688,True,price_lag_1,69.28,0.28736820816993713,positive
9,18.887224,21.853570263885498,21.846359252929688,True,unit_gross_margin_dollar,25.700000000000003,0.17152826488018036,positive
9,18.887224,21.853570263885498,21.846359252929688,True,inventory_lag_1,669.0,0.16744884848594666,positive
9,18.887224,21.853570263885498,21.846359252929688,True,unit_gross_margin_pct,34.87109905020353,0.13326923549175262,positive
9,18.887224,21.853570263885498,21.846359252929688,True,price,73.7,0.1000654324889183,positive
9,18.887224,21.853570263885498,21.846359252929688,True,day_of_week,6.0,-2.138105630874634,negative
9,18.887224,21.853570263885498,21.846359252929688,True,demand_lag_7,21.0,-1.6062804460525513,negative
9,18.887224,21.853570263885498,21.846359252929688,True,week_sin,0.8229838658936565,-0.3250901401042938,negative
9,18.887224,21.853570263885498,21.846359252929688,True,demand_rolling_mean_7,32.714285714285715,-0.21082957088947296,negative
9,18.887224,21.853570263885498,21.846359252929688,True,day_of_year,123.0,-0.21078582108020782,negative
9,18.887224,21.853570263885498,21.846359252929688,True,demand_rolling_mean_28,33.42857142857143,-0.20558466017246246,negative
9,18.887224,21.853570263885498,21.846359252929688,True,week_cos,-0.5680647467311557,-0.16449671983718872,negative
9,18.887224,21.853570263885498,21.846359252929688,True,price_deviation_rolling_28,6.415714285714287,-0.15806670486927032,negative
9,18.887224,21.853570263885498,21.846359252929688,True,price_rolling_mean_7,69.16571428571429,-0.13411526381969452,negative
9,18.887224,21.853570263885498,21.846359252929688,True,dow_sin,-0.7818314824680299,-0.13056951761245728,negative
10,18.887224,4.735925477050781,4.728709697723389,True,day_of_week,3.0,0.28814101219177246,positive
10,18.887224,4.735925477050781,4.728709697723389,True,week_sin,-0.7485107481711011,0.2299414575099945,positive
10,18.887224,4.735925477050781,4.728709697723389,True,price_deviation_rolling_7,-43.842857142857156,0.17443230748176575,positive
10,18.887224,4.735925477050781,4.728709697723389,True,price_deviation_rolling_28,-41.79035714285715,0.14436544477939606,positive
10,18.887224,4.735925477050781,4.728709697723389,True,price_pct_change_1d,-11.087063089060935,0.058642175048589706,positive
10,18.887224,4.735925477050781,4.728709697723389,True,price_change_1d,-119.87000000000012,0.05279530584812164,positive
10,18.887224,4.735925477050781,4.728709697723389,True,dow_sin,0.43388373911755823,0.0419272780418396,positive
10,18.887224,4.735925477050781,4.728709697723389,True,month_sin,-0.8660254037844385,0.03683092072606087,positive
10,18.887224,4.735925477050781,4.728709697723389,True,day,13.0,0.03252667188644409,positive
10,18.887224,4.735925477050781,4.728709697723389,True,price_lag_7,1033.57,0.02937493473291397,positive
10,18.887224,4.735925477050781,4.728709697723389,True,demand_lag_7,6.0,-4.4421610832214355,negative
10,18.887224,4.735925477050781,4.728709697723389,True,demand_lag_28,4.0,-3.670720338821411,negative
10,18.887224,4.735925477050781,4.728709697723389,True,demand_lag_14,4.0,-3.2806272506713867,negative
10,18.887224,4.735925477050781,4.728709697723389,True,log_price,6.86828653507177,-0.9469312429428101,negative
10,18.887224,4.735925477050781,4.728709697723389,True,demand_rolling_mean_28,4.535714285714286,-0.6471341252326965,negative
10,18.887224,4.735925477050781,4.728709697723389,True,price_to_cost_markup,1.8849019607843136,-0.2847590446472168,negative
10,18.887224,4.735925477050781,4.728709697723389,True,price_lag_1,1081.17,-0.23945178091526031,negative
10,18.887224,4.735925477050781,4.728709697723389,True,demand_rolling_mean_7,4.857142857142857,-0.19692707061767578,negative
10,18.887224,4.735925477050781,4.728709697723389,True,demand_rolling_mean_14,4.642857142857143,-0.18316061794757843,negative
10,18.887224,4.735925477050781,4.728709697723389,True,demand_rolling_std_7,1.345185418269101,-0.12212523818016052,negative
11,18.887224,8.132650177978515,8.125439643859863,True,day_of_week,2.0,0.2543307840824127,positive
11,18.887224,8.132650177978515,8.125439643859863,True,week_sin,-0.8854560256532096,0.24507549405097961,positive
11,18.887224,8.132650177978515,8.125439643859863,True,price_deviation_rolling_7,-32.44,0.15930120646953583,positive
11,18.887224,8.132650177978515,8.125439643859863,True,price_deviation_rolling_28,-20.097857142857208,0.12554210424423218,positive
11,18.887224,8.132650177978515,8.125439643859863,True,dow_sin,0.9749279121818236,0.08597419410943985,positive
11,18.887224,8.132650177978515,8.125439643859863,True,inventory_lag_7,176.0,0.0540897399187088,positive
11,18.887224,8.132650177978515,8.125439643859863,True,competitor_spread_pct,-9.212822632497481,0.044344719499349594,positive
11,18.887224,8.132650177978515,8.125439643859863,True,competitor_price_ratio,0.9078717736750253,0.036698877811431885,positive
11,18.887224,8.132650177978515,8.125439643859863,True,inventory_change_1d,298.0,0.03342672437429428,positive
11,18.887224,8.132650177978515,8.125439643859863,True,month_sin,-0.8660254037844385,0.033316563814878464,positive
11,18.887224,8.132650177978515,8.125439643859863,True,demand_lag_7,8.0,-3.6397781372070312,negative
11,18.887224,8.132650177978515,8.125439643859863,True,demand_lag_28,7.0,-2.8487517833709717,negative
11,18.887224,8.132650177978515,8.125439643859863,True,demand_lag_14,8.0,-2.005803346633911,negative
11,18.887224,8.132650177978515,8.125439643859863,True,log_price,6.2029402935545095,-0.858641505241394,negative
11,18.887224,8.132650177978515,8.125439643859863,True,demand_rolling_mean_28,8.035714285714286,-0.6570374369621277,negative
11,18.887224,8.132650177978515,8.125439643859863,True,price_lag_1,547.74,-0.2373419553041458,negative
11,18.887224,8.132650177978515,8.125439643859863,True,demand_rolling_mean_7,7.857142857142857,-0.23489731550216675,negative
11,18.887224,8.132650177978515,8.125439643859863,True,demand_rolling_mean_14,8.357142857142858,-0.15814553201198578,negative
11,18.887224,8.132650177978515,8.125439643859863,True,demand_rolling_std_7,1.9518001458970657,-0.13949957489967346,negative
11,18.887224,8.132650177978515,8.125439643859863,True,week_cos,-0.4647231720437691,-0.11975832283496857,negative
12,18.887224,19.279710214637756,19.272493362426758,True,demand_lag_28,16.0,0.8272759318351746,positive
12,18.887224,19.279710214637756,19.272493362426758,True,demand_lag_14,19.0,0.7578667402267456,positive
12,18.887224,19.279710214637756,19.272493362426758,True,day_of_week,1.0,0.5186921954154968,positive
12,18.887224,19.279710214637756,19.272493362426758,True,price_deviation_rolling_7,-8.241428571428571,0.3082951307296753,positive
12,18.887224,19.279710214637756,19.272493362426758,True,week_sin,6.432490598706546e-16,0.2666829526424408,positive
12,18.887224,19.279710214637756,19.272493362426758,True,day_of_year,357.0,0.24720405042171478,positive
12,18.887224,19.279710214637756,19.272493362426758,True,competitor_price_ratio,0.8731262520435653,0.13734206557273865,positive
12,18.887224,19.279710214637756,19.272493362426758,True,week_cos,1.0,0.10141392052173615,positive
12,18.887224,19.279710214637756,19.272493362426758,True,price_lag_7,383.94,0.09620871394872665,positive
12,18.887224,19.279710214637756,19.272493362426758,True,demand_rolling_mean_14,16.571428571428573,0.08987446129322052,positive
12,18.887224,19.279710214637756,19.272493362426758,True,demand_lag_7,19.0,-1.196494698524475,negative
12,18.887224,19.279710214637756,19.272493362426758,True,log_price,5.938037398725121,-0.7395671010017395,negative
12,18.887224,19.279710214637756,19.272493362426758,True,demand_rolling_mean_28,16.321428571428573,-0.4513346254825592,negative
12,18.887224,19.279710214637756,19.272493362426758,True,price_to_cost_markup,1.6852888888888888,-0.35360947251319885,negative
12,18.887224,19.279710214637756,19.272493362426758,True,revenue_lag_7,7294.86,-0.11916998773813248,negative
12,18.887224,19.279710214637756,19.272493362426758,True,demand_rolling_mean_7,15.714285714285714,-0.115933857858181,negative
12,18.887224,19.279710214637756,19.272493362426758,True,competitor_price,434.29,-0.08697187155485153,negative
12,18.887224,19.279710214637756,19.272493362426758,True,unit_gross_margin_pct,40.662992167514965,-0.06589289009571075,negative
12,18.887224,19.279710214637756,19.272493362426758,True,demand_rolling_std_28,3.7717622507510296,-0.05508117750287056,negative
12,18.887224,19.279710214637756,19.272493362426758,True,inventory_level,278.0,-0.05235316604375839,negative
13,18.887224,25.067350190185547,25.060136795043945,True,demand_lag_7,26.0,4.056835174560547,positive
13,18.887224,25.067350190185547,25.060136795043945,True,demand_lag_28,29.0,3.8493595123291016,positive
13,18.887224,25.067350190185547,25.060136795043945,True,log_price,4.29592393562047,1.4731416702270508,positive
13,18.887224,25.067350190185547,25.060136795043945,True,demand_rolling_mean_28,42.75,0.4642256200313568,positive
13,18.887224,25.067350190185547,25.060136795043945,True,demand_rolling_std_7,12.419263071458587,0.39385494589805603,positive
13,18.887224,25.067350190185547,25.060136795043945,True,demand_rolling_mean_7,42.714285714285715,0.35053014755249023,positive
13,18.887224,25.067350190185547,25.060136795043945,True,price_to_cost_markup,1.5291666666666668,0.3430606722831726,positive
13,18.887224,25.067350190185547,25.060136795043945,True,competitor_price,64.98,0.19767054915428162,positive
13,18.887224,25.067350190185547,25.060136795043945,True,demand_rolling_std_14,12.056642872816523,0.18971845507621765,positive
13,18.887224,25.067350190185547,25.060136795043945,True,revenue_lag_1,3459.78,0.15381862223148346,positive
13,18.887224,25.067350190185547,25.060136795043945,True,day_of_week,5.0,-2.808609962463379,negative
13,18.887224,25.067350190185547,25.060136795043945,True,demand_lag_14,27.0,-0.8291817903518677,negative
13,18.887224,25.067350190185547,25.060136795043945,True,price_deviation_rolling_28,5.939285714285717,-0.61913001537323,negative
13,18.887224,25.067350190185547,25.060136795043945,True,week_sin,0.5680647467311558,-0.33760061860084534,negative
13,18.887224,25.067350190185547,25.060136795043945,True,day_of_year,31.0,-0.2815813422203064,negative
13,18.887224,25.067350190185547,25.060136795043945,True,price_pct_change_1d,14.562197596378981,-0.24033433198928833,negative
13,18.887224,25.067350190185547,25.060136795043945,True,dow_sin,-0.9749279121818236,-0.19787800312042236,negative
13,18.887224,25.067350190185547,25.060136795043945,True,competitor_price_diff,8.420000000000002,-0.18722090125083923,negative
13,18.887224,25.067350190185547,25.060136795043945,True,price_lag_14,66.73,-0.17575715482234955,negative
13,18.887224,25.067350190185547,25.060136795043945,True,demand_rolling_mean_14,43.857142857142854,-0.13671156764030457,negative
14,18.887224,9.950338166259765,9.943130493164062,True,day_of_week,0.0,0.3185957372188568,positive
14,18.887224,9.950338166259765,9.943130493164062,True,price_lag_7,428.3,0.06960805505514145,positive
14,18.887224,9.950338166259765,9.943130493164062,True,demand_momentum_7_28,0.9921259842519685,0.04772721230983734,positive
14,18.887224,9.950338166259765,9.943130493164062,True,dow_cos,1.0,0.02819165401160717,positive
14,18.887224,9.950338166259765,9.943130493164062,True,dow_sin,0.0,0.017429884523153305,positive
14,18.887224,9.950338166259765,9.943130493164062,True,month_cos,0.5000000000000001,0.01690693572163582,positive
14,18.887224,9.950338166259765,9.943130493164062,True,price_rolling_mean_28,503.38642857142855,0.01616758480668068,positive
14,18.887224,9.950338166259765,9.943130493164062,True,is_stockout_risk_flag,0.0,0.004590518772602081,positive
14,18.887224,9.950338166259765,9.943130493164062,True,inventory_lag_7,212.0,0.003366720164194703,positive
14,18.887224,9.950338166259765,9.943130493164062,True,demand_rolling_min_14,5.0,0.0030467044562101364,positive
14,18.887224,9.950338166259765,9.943130493164062,True,demand_lag_7,13.0,-2.6857545375823975,negative
14,18.887224,9.950338166259765,9.943130493164062,True,demand_lag_14,12.0,-1.5609135627746582,negative
14,18.887224,9.950338166259765,9.943130493164062,True,demand_lag_28,10.0,-1.4055709838867188,negative
14,18.887224,9.950338166259765,9.943130493164062,True,log_price,6.239398267229411,-0.8610870838165283,negative
14,18.887224,9.950338166259765,9.943130493164062,True,demand_rolling_mean_28,9.071428571428571,-0.5698317885398865,negative
14,18.887224,9.950338166259765,9.943130493164062,True,week_sin,0.8854560256532099,-0.28072696924209595,negative
14,18.887224,9.950338166259765,9.943130493164062,True,demand_rolling_mean_7,9.0,-0.15974397957324982,negative
14,18.887224,9.950338166259765,9.943130493164062,True,price_lag_1,509.21,-0.15344230830669403,negative
14,18.887224,9.950338166259765,9.943130493164062,True,demand_rolling_std_7,2.6457513110645885,-0.14518609642982483,negative
14,18.887224,9.950338166259765,9.943130493164062,True,price_to_cost_markup,1.6533870967741935,-0.1390230655670166,negative
15,18.887224,38.91375140478516,38.90652084350586,True,demand_lag_7,47.0,9.154664039611816,positive
15,18.887224,38.91375140478516,38.90652084350586,True,demand_lag_14,42.0,5.567211627960205,positive
15,18.887224,38.91375140478516,38.90652084350586,True,demand_lag_28,48.0,5.128929615020752,positive
15,18.887224,38.91375140478516,38.90652084350586,True,log_price,4.216709676695751,1.1697001457214355,positive
15,18.887224,38.91375140478516,38.90652084350586,True,price_to_cost_markup,1.4127083333333335,0.6426772475242615,positive
15,18.887224,38.91375140478516,38.90652084350586,True,day_of_week,1.0,0.5036167502403259,positive
15,18.887224,38.91375140478516,38.90652084350586,True,demand_rolling_mean_7,40.142857142857146,0.4458554983139038,positive
15,18.887224,38.91375140478516,38.90652084350586,True,price_lag_1,72.07,0.3069716989994049,positive
15,18.887224,38.91375140478516,38.90652084350586,True,demand_rolling_std_7,13.957418235817226,0.25958746671676636,positive
15,18.887224,38.91375140478516,38.90652084350586,True,demand_rolling_mean_14,39.57142857142857,0.22427421808242798,positive
15,18.887224,38.91375140478516,38.90652084350586,True,month_sin,0.8660254037844386,-0.7200655341148376,negative
15,18.887224,38.91375140478516,38.90652084350586,True,week_sin,0.8854560256532099,-0.7037795782089233,negative
15,18.887224,38.91375140478516,38.90652084350586,True,price_deviation_rolling_28,1.6807142857142878,-0.316315233707428,negative
15,18.887224,38.91375140478516,38.90652084350586,True,days_of_supply_proxy,16.9644128113879,-0.286140501499176,negative
15,18.887224,38.91375140478516,38.90652084350586,True,demand_rolling_std_28,10.053033973059673,-0.2600335478782654,negative
15,18.887224,38.91375140478516,38.90652084350586,True,inventory_level,681.0,-0.22804656624794006,negative
15,18.887224,38.91375140478516,38.90652084350586,True,day,24.0,-0.21635489165782928,negative
15,18.887224,38.91375140478516,38.90652084350586,True,demand_rolling_min_28,19.0,-0.20271584391593933,negative
15,18.887224,38.91375140478516,38.90652084350586,True,price_rolling_mean_7,69.41142857142857,-0.16343557834625244,negative
15,18.887224,38.91375140478516,38.90652084350586,True,price_deviation_rolling_7,-1.6014285714285705,-0.16244074702262878,negative
16,18.887224,15.008454840682983,15.001243591308594,True,day_of_week,1.0,0.3825690746307373,positive
16,18.887224,15.008454840682983,15.001243591308594,True,unit_gross_margin_dollar,136.10000000000002,0.38007450103759766,positive
16,18.887224,15.008454840682983,15.001243591308594,True,price_deviation_rolling_7,-31.228571428571456,0.20753982663154602,positive
16,18.887224,15.008454840682983,15.001243591308594,True,price_deviation_rolling_28,-26.673571428571393,0.14689886569976807,positive
16,18.887224,15.008454840682983,15.001243591308594,True,competitor_price_ratio,0.8615876500202811,0.13253521919250488,positive
16,18.887224,15.008454840682983,15.001243591308594,True,price_pct_change_1d,-7.852093806619538,0.04490058124065399,positive
16,18.887224,15.008454840682983,15.001243591308594,True,price_lag_7,368.08,0.040032170712947845,positive
16,18.887224,15.008454840682983,15.001243591308594,True,dow_sin,0.7818314824680298,0.037882205098867416,positive
16,18.887224,15.008454840682983,15.001243591308594,True,price_change_1d,-30.769999999999982,0.03498538210988045,positive
16,18.887224,15.008454840682983,15.001243591308594,True,demand_rolling_std_7,3.6384193323606078,0.027136482298374176,positive
16,18.887224,15.008454840682983,15.001243591308594,True,demand_lag_14,11.0,-1.6244142055511475,negative
16,18.887224,15.008454840682983,15.001243591308594,True,demand_lag_7,16.0,-1.0199503898620605,negative
16,18.887224,15.008454840682983,15.001243591308594,True,demand_rolling_mean_28,13.392857142857142,-0.5602849125862122,negative
16,18.887224,15.008454840682983,15.001243591308594,True,demand_lag_28,12.0,-0.4823906421661377,negative
16,18.887224,15.008454840682983,15.001243591308594,True,week_sin,0.9709418174260521,-0.2568683624267578,negative
16,18.887224,15.008454840682983,15.001243591308594,True,demand_rolling_mean_7,12.714285714285714,-0.18575958907604218,negative
16,18.887224,15.008454840682983,15.001243591308594,True,price_to_cost_markup,1.604888888888889,-0.171761617064476,negative
16,18.887224,15.008454840682983,15.001243591308594,True,log_price,5.889154928283412,-0.13485178351402283,negative
16,18.887224,15.008454840682983,15.001243591308594,True,price_lag_1,391.87,-0.12209586054086685,negative
16,18.887224,15.008454840682983,15.001243591308594,True,day_of_year,97.0,-0.09907598048448563,negative
17,18.887224,20.965968649887085,20.958757400512695,True,demand_lag_14,24.0,2.478755474090576,positive
17,18.887224,20.965968649887085,20.958757400512695,True,demand_lag_28,18.0,1.0057045221328735,positive
17,18.887224,20.965968649887085,20.958757400512695,True,day_of_week,2.0,0.5379980206489563,positive
17,18.887224,20.965968649887085,20.958757400512695,True,week_sin,-0.23931566428755743,0.44139528274536133,positive
17,18.887224,20.965968649887085,20.958757400512695,True,price_lag_1,129.66,0.3093392252922058,positive
17,18.887224,20.965968649887085,20.958757400512695,True,log_price,5.0074970415957525,0.1965542733669281,positive
17,18.887224,20.965968649887085,20.958757400512695,True,dow_sin,0.9749279121818236,0.15118490159511566,positive
17,18.887224,20.965968649887085,20.958757400512695,True,demand_rolling_std_7,7.322502824789368,0.10275035351514816,positive
17,18.887224,20.965968649887085,20.958757400512695,True,unit_gross_margin_dollar,57.53,0.10241537541151047,positive
17,18.887224,20.965968649887085,20.958757400512695,True,price_lag_7,154.96,0.09522157162427902,positive
17,18.887224,20.965968649887085,20.958757400512695,True,demand_lag_7,20.0,-1.6007078886032104,negative
17,18.887224,20.965968649887085,20.958757400512695,True,price_to_cost_markup,1.6253260869565218,-0.4204387962818146,negative
17,18.887224,20.965968649887085,20.958757400512695,True,demand_rolling_mean_28,20.571428571428573,-0.33915629982948303,negative
17,18.887224,20.965968649887085,20.958757400512695,True,week_cos,-0.9709418174260521,-0.269179105758667,negative
17,18.887224,20.965968649887085,20.958757400512695,True,price_pct_change_1d,15.324695357087773,-0.24445022642612457,negative
17,18.887224,20.965968649887085,20.958757400512695,True,price_deviation_rolling_28,2.478928571428554,-0.1922367513179779,negative
17,18.887224,20.965968649887085,20.958757400512695,True,unit_gross_margin_pct,38.47388483916271,-0.13787399232387543,negative
17,18.887224,20.965968649887085,20.958757400512695,True,inventory_lag_7,733.0,-0.12094476073980331,negative
17,18.887224,20.965968649887085,20.958757400512695,True,demand_rolling_mean_7,22.571428571428573,-0.11628048866987228,negative
17,18.887224,20.965968649887085,20.958757400512695,True,price_rolling_mean_7,144.5442857142857,-0.09907323122024536,negative
18,18.887224,5.715149682067871,5.707934856414795,True,day_of_week,1.0,0.26715296506881714,positive
18,18.887224,5.715149682067871,5.707934856414795,True,price_deviation_rolling_28,-105.67607142857128,0.1915985643863678,positive
18,18.887224,5.715149682067871,5.707934856414795,True,price_deviation_rolling_7,-114.76428571428562,0.17555609345436096,positive
18,18.887224,5.715149682067871,5.707934856414795,True,price_change_1d,-88.59999999999991,0.05621033534407616,positive
18,18.887224,5.715149682067871,5.707934856414795,True,dow_sin,0.7818314824680298,0.04458664357662201,positive
18,18.887224,5.715149682067871,5.707934856414795,True,price_lag_7,1010.85,0.04414204880595207,positive
18,18.887224,5.715149682067871,5.707934856414795,True,competitor_spread_pct,-10.688886854073187,0.040691670030355453,positive
18,18.887224,5.715149682067871,5.707934856414795,True,competitor_price_diff,-105.05999999999995,0.03584447130560875,positive
18,18.887224,5.715149682067871,5.707934856414795,True,inventory_lag_7,195.0,0.035455603152513504,positive
18,18.887224,5.715149682067871,5.707934856414795,True,day,3.0,0.03193141147494316,positive
18,18.887224,5.715149682067871,5.707934856414795,True,demand_lag_7,6.0,-4.281099319458008,negative
18,18.887224,5.715149682067871,5.707934856414795,True,demand_lag_28,5.0,-3.110092878341675,negative
18,18.887224,5.715149682067871,5.707934856414795,True,demand_lag_14,6.0,-2.7550911903381348,negative
18,18.887224,5.715149682067871,5.707934856414795,True,log_price,6.777452953020101,-0.9372259974479675,negative
18,18.887224,5.715149682067871,5.707934856414795,True,demand_rolling_mean_28,5.178571428571429,-0.5991144180297852,negative
18,18.887224,5.715149682067871,5.707934856414795,True,price_lag_1,966.43,-0.24850508570671082,negative
18,18.887224,5.715149682067871,5.707934856414795,True,week_sin,0.9350162426854148,-0.2346227616071701,negative
18,18.887224,5.715149682067871,5.707934856414795,True,price_to_cost_markup,1.7212352941176472,-0.21898099780082703,negative
18,18.887224,5.715149682067871,5.707934856414795,True,demand_rolling_mean_7,4.857142857142857,-0.17996397614479065,negative
18,18.887224,5.715149682067871,5.707934856414795,True,demand_rolling_std_7,1.0690449676496976,-0.17471981048583984,negative
19,18.887224,3.2931335382690428,3.285918951034546,True,week_sin,0.12053668025532308,0.1641826331615448,positive
19,18.887224,3.2931335382690428,3.285918951034546,True,price_deviation_rolling_7,-39.56857142857143,0.14623300731182098,positive
19,18.887224,3.2931335382690428,3.285918951034546,True,price_deviation_rolling_28,-33.133928571428555,0.1442413032054901,positive
19,18.887224,3.2931335382690428,3.285918951034546,True,price_lag_7,956.27,0.05746414139866829,positive
19,18.887224,3.2931335382690428,3.285918951034546,True,price_change_1d,-60.629999999999995,0.04825172945857048,positive
19,18.887224,3.2931335382690428,3.285918951034546,True,competitor_price_diff,27.81000000000006,0.03339936584234238,positive
19,18.887224,3.2931335382690428,3.285918951034546,True,revenue_lag_7,2868.81,0.03066171705722809,positive
19,18.887224,3.2931335382690428,3.285918951034546,True,price_rolling_mean_28,987.2239285714286,0.03026762418448925,positive
19,18.887224,3.2931335382690428,3.285918951034546,True,month_sin,1.2246467991473532e-16,0.023544861003756523,positive
19,18.887224,3.2931335382690428,3.285918951034546,True,inventory_change_1d,81.0,0.021574880927801132,positive
19,18.887224,3.2931335382690428,3.285918951034546,True,demand_lag_7,3.0,-4.729466915130615,negative
19,18.887224,3.2931335382690428,3.285918951034546,True,demand_lag_28,3.0,-3.738527536392212,negative
19,18.887224,3.2931335382690428,3.285918951034546,True,demand_lag_14,2.0,-3.410632610321045,negative
19,18.887224,3.2931335382690428,3.285918951034546,True,log_price,6.860758006621226,-0.8209131956100464,negative
19,18.887224,3.2931335382690428,3.285918951034546,True,day_of_week,5.0,-0.6864755749702454,negative
19,18.887224,3.2931335382690428,3.285918951034546,True,demand_rolling_mean_28,4.178571428571429,-0.5799269676208496,negative
19,18.887224,3.2931335382690428,3.285918951034546,True,price_to_cost_markup,1.870764705882353,-0.36868566274642944,negative
19,18.887224,3.2931335382690428,3.285918951034546,True,demand_rolling_mean_7,4.142857142857143,-0.22288624942302704,negative
19,18.887224,3.2931335382690428,3.285918951034546,True,price_lag_1,1014.72,-0.21211567521095276,negative
19,18.887224,3.2931335382690428,3.285918951034546,True,demand_rolling_mean_14,4.071428571428571,-0.17596985399723053,negative
20,18.887224,18.284742515586853,18.277517318725586,True,demand_lag_14,15.0,0.7607280015945435,positive
20,18.887224,18.284742515586853,18.277517318725586,True,day_of_week,0.0,0.555222749710083,positive
20,18.887224,18.284742515586853,18.277517318725586,True,demand_lag_28,16.0,0.47288766503334045,positive
20,18.887224,18.284742515586853,18.277517318725586,True,week_sin,-0.9350162426854148,0.38692227005958557,positive
20,18.887224,18.284742515586853,18.277517318725586,True,inventory_lag_7,155.0,0.2838711142539978,positive
20,18.887224,18.284742515586853,18.277517318725586,True,price_lag_7,325.12,0.1479896903038025,positive
20,18.887224,18.284742515586853,18.277517318725586,True,price,397.3,0.08266972750425339,positive
20,18.887224,18.284742515586853,18.277517318725586,True,day,13.0,0.07862244546413422,positive
20,18.887224,18.284742515586853,18.277517318725586,True,week_cos,0.35460488704253557,0.0664270669221878,positive
20,18.887224,18.284742515586853,18.277517318725586,True,day_of_year,286.0,0.05851397290825844,positive
20,18.887224,18.284742515586853,18.277517318725586,True,log_price,5.984691662820553,-0.6587907075881958,negative
20,18.887224,18.284742515586853,18.277517318725586,True,price_to_cost_markup,1.765777777777778,-0.5898545980453491,negative
20,18.887224,18.284742515586853,18.277517318725586,True,demand_rolling_mean_28,16.107142857142858,-0.5022797584533691,negative
20,18.887224,18.284742515586853,18.277517318725586,True,demand_lag_7,21.0,-0.28550976514816284,negative
20,18.887224,18.284742515586853,18.277517318725586,True,revenue_lag_7,6827.52,-0.18080104887485504,negative
20,18.887224,18.284742515586853,18.277517318725586,True,price_deviation_rolling_7,24.727142857142894,-0.17669202387332916,negative
20,18.887224,18.284742515586853,18.277517318725586,True,demand_rolling_mean_7,15.714285714285714,-0.1605353206396103,negative
20,18.887224,18.284742515586853,18.277517318725586,True,price_lag_1,378.38,-0.15842348337173462,negative
20,18.887224,18.284742515586853,18.277517318725586,True,price_deviation_rolling_28,17.743928571428512,-0.13085080683231354,negative
20,18.887224,18.284742515586853,18.277517318725586,True,unit_gross_margin_pct,43.367732192298014,-0.11251041293144226,negative
21,18.887224,14.452105324768066,14.444892883300781,True,demand_lag_28,19.0,0.6258581876754761,positive
21,18.887224,14.452105324768066,14.444892883300781,True,demand_lag_14,15.0,0.6000575423240662,positive
21,18.887224,14.452105324768066,14.444892883300781,True,day_of_week,1.0,0.3597716987133026,positive
21,18.887224,14.452105324768066,14.444892883300781,True,price_lag_7,403.69,0.07341461628675461,positive
21,18.887224,14.452105324768066,14.444892883300781,True,dow_sin,0.7818314824680298,0.05943334847688675,positive
21,18.887224,14.452105324768066,14.444892883300781,True,revenue_rolling_mean_7,6104.464285714285,0.0473688468337059,positive
21,18.887224,14.452105324768066,14.444892883300781,True,price_rolling_mean_28,381.1725,0.04601820558309555,positive
21,18.887224,14.452105324768066,14.444892883300781,True,store_id_STORE-NORTH-01,1.0,0.023369554430246353,positive
21,18.887224,14.452105324768066,14.444892883300781,True,demand_momentum_7_28,1.0254041570438799,0.015233744867146015,positive
21,18.887224,14.452105324768066,14.444892883300781,True,demand_rolling_std_14,4.450583367120793,0.011944171972572803,positive
21,18.887224,14.452105324768066,14.444892883300781,True,demand_lag_7,17.0,-1.432662844657898,negative
21,18.887224,14.452105324768066,14.444892883300781,True,log_price,6.073436162473127,-1.0133596658706665,negative
21,18.887224,14.452105324768066,14.444892883300781,True,price_to_cost_markup,1.9296444444444445,-0.4349216818809509,negative
21,18.887224,14.452105324768066,14.444892883300781,True,demand_rolling_mean_28,15.464285714285714,-0.4141685366630554,negative
21,18.887224,14.452105324768066,14.444892883300781,True,week_sin,0.992708874098054,-0.3532298505306244,negative
21,18.887224,14.452105324768066,14.444892883300781,True,price_deviation_rolling_7,46.31857142857143,-0.3356187045574188,negative
21,18.887224,14.452105324768066,14.444892883300781,True,demand_rolling_mean_14,15.5,-0.20677438378334045,negative
21,18.887224,14.452105324768066,14.444892883300781,True,price_pct_change_1d,17.629368734760227,-0.20557543635368347,negative
21,18.887224,14.452105324768066,14.444892883300781,True,revenue_lag_7,6862.73,-0.12933216989040375,negative
21,18.887224,14.452105324768066,14.444892883300781,True,day_of_year,76.0,-0.10826341062784195,negative
22,18.887224,44.82015017797852,44.812931060791016,True,demand_lag_7,43.0,9.504392623901367,positive
22,18.887224,44.82015017797852,44.812931060791016,True,demand_lag_28,56.0,5.483443737030029,positive
22,18.887224,44.82015017797852,44.812931060791016,True,log_price,4.179757440070231,2.092930316925049,positive
22,18.887224,44.82015017797852,44.812931060791016,True,demand_lag_14,37.0,1.480799913406372,positive
22,18.887224,44.82015017797852,44.812931060791016,True,price_to_cost_markup,1.3614583333333332,1.1545147895812988,positive
22,18.887224,44.82015017797852,44.812931060791016,True,day_of_week,2.0,1.0636907815933228,positive
22,18.887224,44.82015017797852,44.812931060791016,True,demand_rolling_mean_28,44.892857142857146,0.8675567507743835,positive
22,18.887224,44.82015017797852,44.812931060791016,True,price_lag_1,66.75,0.632749617099762,positive
22,18.887224,44.82015017797852,44.812931060791016,True,demand_rolling_mean_7,44.857142857142854,0.435838907957077,positive
22,18.887224,44.82015017797852,44.812931060791016,True,week_cos,0.9350162426854147,0.39116382598876953,positive
22,18.887224,44.82015017797852,44.812931060791016,True,days_of_supply_proxy,16.898089171974522,-0.33035042881965637,negative
22,18.887224,44.82015017797852,44.812931060791016,True,demand_rolling_mean_14,44.285714285714285,-0.3174665868282318,negative
22,18.887224,44.82015017797852,44.812931060791016,True,demand_lag_1,51.0,-0.1791641116142273,negative
22,18.887224,44.82015017797852,44.812931060791016,True,price_rolling_mean_7,68.48857142857143,-0.14556916058063507,negative
22,18.887224,44.82015017797852,44.812931060791016,True,competitor_price_ratio,1.0188649828500156,-0.0774364322423935,negative
22,18.887224,44.82015017797852,44.812931060791016,True,log_inventory_level,6.63200177739563,-0.056056514382362366,negative
22,18.887224,44.82015017797852,44.812931060791016,True,price_lag_14,69.69,-0.05240315943956375,negative
22,18.887224,44.82015017797852,44.812931060791016,True,demand_rolling_std_28,10.556161219048317,-0.030436085537075996,negative
22,18.887224,44.82015017797852,44.812931060791016,True,competitor_price_diff,1.2099999999999937,-0.024207811802625656,negative
22,18.887224,44.82015017797852,44.812931060791016,True,competitor_spread_pct,1.8864982850015495,-0.020290294662117958,negative
23,18.887224,24.93956260015869,24.932353973388672,True,demand_lag_7,31.0,4.134416580200195,positive
23,18.887224,24.93956260015869,24.932353973388672,True,demand_lag_28,25.0,3.827073812484741,positive
23,18.887224,24.93956260015869,24.932353973388672,True,log_price,4.091340053201802,1.5638353824615479,positive
23,18.887224,24.93956260015869,24.932353973388672,True,price_to_cost_markup,1.24625,0.9842373132705688,positive
23,18.887224,24.93956260015869,24.932353973388672,True,demand_rolling_mean_7,44.57142857142857,0.43979528546333313,positive
23,18.887224,24.93956260015869,24.932353973388672,True,demand_rolling_mean_28,44.07142857142857,0.3825240433216095,positive
23,18.887224,24.93956260015869,24.932353973388672,True,price_lag_1,67.6,0.2689751386642456,positive
23,18.887224,24.93956260015869,24.932353973388672,True,unit_gross_margin_dollar,11.82,0.1524723768234253,positive
23,18.887224,24.93956260015869,24.932353973388672,True,demand_rolling_std_7,8.960229588895265,0.15163671970367432,positive
23,18.887224,24.93956260015869,24.932353973388672,True,week_sin,6.432490598706546e-16,0.15018130838871002,positive
23,18.887224,24.93956260015869,24.932353973388672,True,day_of_week,6.0,-3.5066699981689453,negative
23,18.887224,24.93956260015869,24.932353973388672,True,demand_rolling_mean_14,45.142857142857146,-0.43559178709983826,negative
23,18.887224,24.93956260015869,24.932353973388672,True,day,28.0,-0.4129352569580078,negative
23,18.887224,24.93956260015869,24.932353973388672,True,demand_rolling_min_14,31.0,-0.412124365568161,negative
23,18.887224,24.93956260015869,24.932353973388672,True,demand_lag_14,31.0,-0.40334439277648926,negative
23,18.887224,24.93956260015869,24.932353973388672,True,day_of_year,362.0,-0.35017824172973633,negative
23,18.887224,24.93956260015869,24.932353973388672,True,price_lag_14,66.1,-0.2236904501914978,negative
23,18.887224,24.93956260015869,24.932353973388672,True,price_rolling_mean_7,68.34285714285714,-0.1932545304298401,negative
23,18.887224,24.93956260015869,24.932353973388672,True,revenue_lag_1,2230.8,-0.16646836698055267,negative
23,18.887224,24.93956260015869,24.932353973388672,True,inventory_lag_7,670.0,-0.16007272899150848,negative
24,18.887224,45.78376559545899,45.77653503417969,True,demand_lag_7,49.0,9.862401962280273,positive
24,18.887224,45.78376559545899,45.77653503417969,True,demand_lag_14,51.0,6.571737289428711,positive
24,18.887224,45.78376559545899,45.77653503417969,True,demand_lag_28,44.0,5.580103397369385,positive
24,18.887224,45.78376559545899,45.77653503417969,True,log_price,4.256746818247124,1.1986448764801025,positive
24,18.887224,45.78376559545899,45.77653503417969,True,demand_rolling_mean_28,41.035714285714285,0.6210864782333374,positive
24,18.887224,45.78376559545899,45.77653503417969,True,day_of_week,2.0,0.6153440475463867,positive
24,18.887224,45.78376559545899,45.77653503417969,True,price_lag_1,59.11,0.5896445512771606,positive
24,18.887224,45.78376559545899,45.77653503417969,True,price_to_cost_markup,1.4704166666666667,0.588233470916748,positive
24,18.887224,45.78376559545899,45.77653503417969,True,demand_rolling_mean_7,40.57142857142857,0.3950738310813904,positive
24,18.887224,45.78376559545899,45.77653503417969,True,price_lag_7,59.75,0.37189316749572754,positive
24,18.887224,45.78376559545899,45.77653503417969,True,month_sin,0.8660254037844386,-0.7525392174720764,negative
24,18.887224,45.78376559545899,45.77653503417969,True,inventory_level,702.0,-0.3137393593788147,negative
24,18.887224,45.78376559545899,45.77653503417969,True,price_change_1d,11.469999999999999,-0.31029605865478516,negative
24,18.887224,45.78376559545899,45.77653503417969,True,price_deviation_rolling_28,3.78857142857143,-0.2947862446308136,negative
24,18.887224,45.78376559545899,45.77653503417969,True,price_pct_change_1d,19.404500084588054,-0.2835647165775299,negative
24,18.887224,45.78376559545899,45.77653503417969,True,days_of_supply_proxy,17.302816901408452,-0.22373203933238983,negative
24,18.887224,45.78376559545899,45.77653503417969,True,revenue_lag_1,2600.84,-0.18521331250667572,negative
24,18.887224,45.78376559545899,45.77653503417969,True,week_sin,0.6631226582407952,-0.16288281977176666,negative
24,18.887224,45.78376559545899,45.77653503417969,True,price_deviation_rolling_7,5.321428571428555,-0.11071481555700302,negative
24,18.887224,45.78376559545899,45.77653503417969,True,day_of_year,35.0,-0.1101260632276535,negative
25,18.887224,44.63724307348633,44.62999725341797,True,demand_lag_7,47.0,9.976507186889648,positive
25,18.887224,44.63724307348633,44.62999725341797,True,demand_lag_28,58.0,5.6461944580078125,positive
25,18.887224,44.63724307348633,44.62999725341797,True,demand_lag_14,38.0,5.411839485168457,positive
25,18.887224,44.63724307348633,44.62999725341797,True,log_price,4.23945449739721,1.282954216003418,positive
25,18.887224,44.63724307348633,44.62999725341797,True,price_lag_1,68.24,0.7008993029594421,positive
25,18.887224,44.63724307348633,44.62999725341797,True,demand_rolling_mean_28,38.464285714285715,0.5735691785812378,positive
25,18.887224,44.63724307348633,44.62999725341797,True,day_of_week,3.0,0.5564342737197876,positive
25,18.887224,44.63724307348633,44.62999725341797,True,price_to_cost_markup,1.4452083333333334,0.5321197509765625,positive
25,18.887224,44.63724307348633,44.62999725341797,True,price_rolling_mean_28,66.85249999999999,0.3784007728099823,positive
25,18.887224,44.63724307348633,44.62999725341797,True,price_rolling_mean_7,65.37285714285714,0.2880920469760895,positive
25,18.887224,44.63724307348633,44.62999725341797,True,week_sin,0.970941817426052,-0.7920046448707581,negative
25,18.887224,44.63724307348633,44.62999725341797,True,month_sin,1.0,-0.7843511700630188,negative
25,18.887224,44.63724307348633,44.62999725341797,True,days_of_supply_proxy,15.249070631970259,-0.15122997760772705,negative
25,18.887224,44.63724307348633,44.62999725341797,True,day_of_year,71.0,-0.1397366225719452,negative
25,18.887224,44.63724307348633,44.62999725341797,True,price_deviation_rolling_28,2.5175000000000125,-0.0983399823307991,negative
25,18.887224,44.63724307348633,44.62999725341797,True,demand_lag_1,44.0,-0.08919547498226166,negative
25,18.887224,44.63724307348633,44.62999725341797,True,competitor_price_diff,3.8700000000000045,-0.0705430880188942,negative
25,18.887224,44.63724307348633,44.62999725341797,True,demand_rolling_mean_14,37.0,-0.05187284201383591,negative
25,18.887224,44.63724307348633,44.62999725341797,True,inventory_lag_7,510.0,-0.04256271570920944,negative
25,18.887224,44.63724307348633,44.62999725341797,True,store_id_STORE-NORTH-01,0.0,-0.029832467436790466,negative
26,18.887224,5.483112137817383,5.475895881652832,True,day_of_week,3.0,0.2740088105201721,positive
26,18.887224,5.483112137817383,5.475895881652832,True,revenue_lag_1,6973.19,0.055883802473545074,positive
26,18.887224,5.483112137817383,5.475895881652832,True,dow_sin,0.43388373911755823,0.051747772842645645,positive
26,18.887224,5.483112137817383,5.475895881652832,True,competitor_price_diff,72.13999999999987,0.04037771001458168,positive
26,18.887224,5.483112137817383,5.475895881652832,True,price_lag_7,998.78,0.035693101584911346,positive
26,18.887224,5.483112137817383,5.475895881652832,True,day,5.0,0.03460032120347023,positive
26,18.887224,5.483112137817383,5.475895881652832,True,week_cos,0.35460488704253557,0.022871822118759155,positive
26,18.887224,5.483112137817383,5.475895881652832,True,price_rolling_mean_28,980.9928571428571,0.02187950722873211,positive
26,18.887224,5.483112137817383,5.475895881652832,True,inventory_change_1d,15.0,0.01682146266102791,positive
26,18.887224,5.483112137817383,5.475895881652832,True,inventory_lag_7,212.0,0.01537795178592205,positive
26,18.887224,5.483112137817383,5.475895881652832,True,demand_lag_7,5.0,-4.231922149658203,negative
26,18.887224,5.483112137817383,5.475895881652832,True,demand_lag_28,6.0,-2.93709397315979,negative
26,18.887224,5.483112137817383,5.475895881652832,True,demand_lag_14,6.0,-2.668825626373291,negative
26,18.887224,5.483112137817383,5.475895881652832,True,log_price,6.954982317344819,-0.909003496170044,negative
26,18.887224,5.483112137817383,5.475895881652832,True,demand_rolling_mean_28,5.214285714285714,-0.5857564210891724,negative
26,18.887224,5.483112137817383,5.475895881652832,True,price_to_cost_markup,2.055607843137255,-0.34143319725990295,negative
26,18.887224,5.483112137817383,5.475895881652832,True,week_sin,0.9350162426854148,-0.23390820622444153,negative
26,18.887224,5.483112137817383,5.475895881652832,True,price_lag_1,996.17,-0.2189856767654419,negative
26,18.887224,5.483112137817383,5.475895881652832,True,demand_rolling_mean_7,5.0,-0.17812614142894745,negative
26,18.887224,5.483112137817383,5.475895881652832,True,demand_rolling_mean_14,5.142857142857143,-0.15875333547592163,negative
27,18.887224,29.27432994177246,29.26712417602539,True,demand_lag_28,29.0,4.237307548522949,positive
27,18.887224,29.27432994177246,29.26712417602539,True,demand_lag_7,31.0,4.162954330444336,positive
27,18.887224,29.27432994177246,29.26712417602539,True,log_price,4.026600910135581,1.7300106287002563,positive
27,18.887224,29.27432994177246,29.26712417602539,True,price_to_cost_markup,1.168125,1.1605621576309204,positive
27,18.887224,29.27432994177246,29.26712417602539,True,demand_rolling_std_7,11.629191512658794,0.41856616735458374,positive
27,18.887224,29.27432994177246,29.26712417602539,True,demand_rolling_mean_7,44.714285714285715,0.4137289822101593,positive
27,18.887224,29.27432994177246,29.26712417602539,True,price_deviation_rolling_28,-10.871071428571419,0.32594043016433716,positive
27,18.887224,29.27432994177246,29.26712417602539,True,demand_rolling_mean_28,43.75,0.31319037079811096,positive
27,18.887224,29.27432994177246,29.26712417602539,True,week_sin,-0.822983865893657,0.30177050828933716,positive
27,18.887224,29.27432994177246,29.26712417602539,True,demand_rolling_std_28,11.174126861241152,0.1966555267572403,positive
27,18.887224,29.27432994177246,29.26712417602539,True,day_of_week,5.0,-3.1437480449676514,negative
27,18.887224,29.27432994177246,29.26712417602539,True,demand_lag_14,32.0,-0.5147167444229126,negative
27,18.887224,29.27432994177246,29.26712417602539,True,demand_rolling_mean_14,44.42857142857143,-0.45846328139305115,negative
27,18.887224,29.27432994177246,29.26712417602539,True,dow_sin,-0.9749279121818236,-0.21683523058891296,negative
27,18.887224,29.27432994177246,29.26712417602539,True,price_lag_7,56.67,-0.19150634109973907,negative
27,18.887224,29.27432994177246,29.26712417602539,True,inventory_lag_7,364.0,-0.10320744663476944,negative
27,18.887224,29.27432994177246,29.26712417602539,True,inventory_lag_1,444.0,-0.10042955726385117,negative
27,18.887224,29.27432994177246,29.26712417602539,True,day,1.0,-0.08927507698535919,negative
27,18.887224,29.27432994177246,29.26712417602539,True,revenue_lag_1,3096.8,-0.06674133986234665,negative
27,18.887224,29.27432994177246,29.26712417602539,True,price_rolling_mean_7,66.27714285714286,-0.03391673043370247,negative
28,18.887224,4.860990326904297,4.8537750244140625,True,day_of_week,1.0,0.34710919857025146,positive
28,18.887224,4.860990326904297,4.8537750244140625,True,week_sin,-0.8229838658936564,0.25764158368110657,positive
28,18.887224,4.860990326904297,4.8537750244140625,True,revenue_lag_1,7246.4,0.07659197598695755,positive
28,18.887224,4.860990326904297,4.8537750244140625,True,inventory_lag_7,203.0,0.04962039738893509,positive
28,18.887224,4.860990326904297,4.8537750244140625,True,dow_sin,0.7818314824680298,0.043301571160554886,positive
28,18.887224,4.860990326904297,4.8537750244140625,True,month_sin,-0.8660254037844385,0.0355156809091568,positive
28,18.887224,4.860990326904297,4.8537750244140625,True,competitor_price_diff,30.889999999999986,0.03516365587711334,positive
28,18.887224,4.860990326904297,4.8537750244140625,True,price_lag_7,983.28,0.028937673196196556,positive
28,18.887224,4.860990326904297,4.8537750244140625,True,price_rolling_mean_28,980.8803571428572,0.027683300897479057,positive
28,18.887224,4.860990326904297,4.8537750244140625,True,inventory_change_1d,290.0,0.02466818504035473,positive
28,18.887224,4.860990326904297,4.8537750244140625,True,demand_lag_7,4.0,-4.665565490722656,negative
28,18.887224,4.860990326904297,4.8537750244140625,True,demand_lag_28,4.0,-3.477039337158203,negative
28,18.887224,4.860990326904297,4.8537750244140625,True,demand_lag_14,5.0,-2.899061918258667,negative
28,18.887224,4.860990326904297,4.8537750244140625,True,log_price,6.918299492857808,-0.8937735557556152,negative
28,18.887224,4.860990326904297,4.8537750244140625,True,demand_rolling_mean_28,4.535714285714286,-0.6357594728469849,negative
28,18.887224,4.860990326904297,4.8537750244140625,True,price_to_cost_markup,1.9815686274509805,-0.36785104870796204,negative
28,18.887224,4.860990326904297,4.8537750244140625,True,price_lag_1,1035.2,-0.2496003806591034,negative
28,18.887224,4.860990326904297,4.8537750244140625,True,demand_rolling_mean_7,4.714285714285714,-0.21258409321308136,negative
28,18.887224,4.860990326904297,4.8537750244140625,True,demand_rolling_mean_14,4.5,-0.17030636966228485,negative
28,18.887224,4.860990326904297,4.8537750244140625,True,demand_rolling_std_7,1.4960264830861913,-0.10755804181098938,negative
29,18.887224,6.670153420471191,6.6629414558410645,True,price_to_cost_markup,1.4297096774193547,0.5572009682655334,positive
29,18.887224,6.670153420471191,6.6629414558410645,True,price_deviation_rolling_7,-75.16285714285715,0.17774541676044464,positive
29,18.887224,6.670153420471191,6.6629414558410645,True,price_deviation_rolling_28,-72.09892857142864,0.17534393072128296,positive
29,18.887224,6.670153420471191,6.6629414558410645,True,competitor_price_ratio,0.7554544214904207,0.14465102553367615,positive
29,18.887224,6.670153420471191,6.6629414558410645,True,unit_gross_margin_dollar,133.20999999999998,0.12227659672498703,positive
29,18.887224,6.670153420471191,6.6629414558410645,True,week_sin,0.3546048870425356,0.11101112514734268,positive
29,18.887224,6.670153420471191,6.6629414558410645,True,price_lag_7,521.49,0.0887916162610054,positive
29,18.887224,6.670153420471191,6.6629414558410645,True,unit_gross_margin_pct,30.055729789490304,0.08816134929656982,positive
29,18.887224,6.670153420471191,6.6629414558410645,True,price_pct_change_1d,-17.631207255426713,0.0838351845741272,positive
29,18.887224,6.670153420471191,6.6629414558410645,True,price_change_1d,-94.87000000000006,0.07476343959569931,positive
29,18.887224,6.670153420471191,6.6629414558410645,True,demand_lag_7,7.0,-4.341470718383789,negative
29,18.887224,6.670153420471191,6.6629414558410645,True,demand_lag_28,5.0,-3.2182798385620117,negative
29,18.887224,6.670153420471191,6.6629414558410645,True,demand_lag_14,7.0,-3.1934080123901367,negative
29,18.887224,6.670153420471191,6.6629414558410645,True,log_price,6.094043698355424,-0.7126093506813049,negative
29,18.887224,6.670153420471191,6.6629414558410645,True,day_of_week,6.0,-0.5566569566726685,negative
29,18.887224,6.670153420471191,6.6629414558410645,True,demand_rolling_mean_28,9.357142857142858,-0.5383415818214417,negative
29,18.887224,6.670153420471191,6.6629414558410645,True,price_lag_1,538.08,-0.22604693472385406,negative
29,18.887224,6.670153420471191,6.6629414558410645,True,demand_rolling_mean_7,8.857142857142858,-0.19914868474006653,negative
29,18.887224,6.670153420471191,6.6629414558410645,True,competitor_price,586.68,-0.13302135467529297,negative
29,18.887224,6.670153420471191,6.6629414558410645,True,price,443.21,-0.11735539138317108,negative
30,18.887224,5.1092880182495115,5.102072715759277,True,day_of_week,1.0,0.2496291846036911,positive
30,18.887224,5.1092880182495115,5.102072715759277,True,price_deviation_rolling_7,-11.409999999999968,0.09824303537607193,positive
30,18.887224,5.1092880182495115,5.102072715759277,True,dow_sin,0.7818314824680298,0.04656738042831421,positive
30,18.887224,5.1092880182495115,5.102072715759277,True,price_lag_7,1001.84,0.035614416003227234,positive
30,18.887224,5.1092880182495115,5.102072715759277,True,price_rolling_mean_28,993.5107142857142,0.03135452792048454,positive
30,18.887224,5.1092880182495115,5.102072715759277,True,competitor_price_diff,39.710000000000036,0.031004561111330986,positive
30,18.887224,5.1092880182495115,5.102072715759277,True,inventory_change_1d,123.0,0.02677142806351185,positive
30,18.887224,5.1092880182495115,5.102072715759277,True,revenue_lag_1,4909.8,0.012269984930753708,positive
30,18.887224,5.1092880182495115,5.102072715759277,True,demand_rolling_min_14,3.0,0.006037040613591671,positive
30,18.887224,5.1092880182495115,5.102072715759277,True,demand_momentum_7_28,0.9538461538461538,0.005737438797950745,positive
30,18.887224,5.1092880182495115,5.102072715759277,True,demand_lag_7,6.0,-4.153921604156494,negative
30,18.887224,5.1092880182495115,5.102072715759277,True,demand_lag_28,5.0,-3.017507314682007,negative
30,18.887224,5.1092880182495115,5.102072715759277,True,demand_lag_14,6.0,-2.771259307861328,negative
30,18.887224,5.1092880182495115,5.102072715759277,True,log_price,6.902209931926508,-0.8818246722221375,negative
30,18.887224,5.1092880182495115,5.102072715759277,True,demand_rolling_mean_28,4.642857142857143,-0.6089555025100708,negative
30,18.887224,5.1092880182495115,5.102072715759277,True,price_to_cost_markup,1.9499411764705883,-0.3436448276042938,negative
30,18.887224,5.1092880182495115,5.102072715759277,True,week_sin,0.8854560256532099,-0.2613224387168884,negative
30,18.887224,5.1092880182495115,5.102072715759277,True,price_lag_1,981.96,-0.1972697228193283,negative
30,18.887224,5.1092880182495115,5.102072715759277,True,demand_rolling_mean_7,4.428571428571429,-0.19054250419139862,negative
30,18.887224,5.1092880182495115,5.102072715759277,True,demand_rolling_mean_14,4.5,-0.16733475029468536,negative
31,18.887224,31.93282489111328,31.925617218017578,True,demand_lag_7,34.0,4.505167007446289,positive
31,18.887224,31.93282489111328,31.925617218017578,True,demand_lag_28,26.0,3.9910972118377686,positive
31,18.887224,31.93282489111328,31.925617218017578,True,log_price,4.213607983048918,1.7152540683746338,positive
31,18.887224,31.93282489111328,31.925617218017578,True,price_to_cost_markup,1.4083333333333332,1.0708733797073364,positive
31,18.887224,31.93282489111328,31.925617218017578,True,demand_rolling_mean_7,44.714285714285715,0.5136479735374451,positive
31,18.887224,31.93282489111328,31.925617218017578,True,day_of_year,361.0,0.4297248423099518,positive
31,18.887224,31.93282489111328,31.925617218017578,True,demand_rolling_mean_28,43.82142857142857,0.42640286684036255,positive
31,18.887224,31.93282489111328,31.925617218017578,True,days_of_supply_proxy,4.562300319488818,0.3850524425506592,positive
31,18.887224,31.93282489111328,31.925617218017578,True,price_lag_7,62.35,0.3516913056373596,positive
31,18.887224,31.93282489111328,31.925617218017578,True,revenue_lag_1,3222.3,0.3213946521282196,positive
31,18.887224,31.93282489111328,31.925617218017578,True,day_of_week,5.0,-2.6941685676574707,negative
31,18.887224,31.93282489111328,31.925617218017578,True,demand_rolling_mean_14,45.142857142857146,-0.2566889524459839,negative
31,18.887224,31.93282489111328,31.925617218017578,True,demand_rolling_min_14,31.0,-0.17487236857414246,negative
31,18.887224,31.93282489111328,31.925617218017578,True,day,27.0,-0.10252159088850021,negative
31,18.887224,31.93282489111328,31.925617218017578,True,price_lag_14,70.96,-0.09703284502029419,negative
31,18.887224,31.93282489111328,31.925617218017578,True,price_rolling_mean_7,67.59285714285714,-0.07179299741983414,negative
31,18.887224,31.93282489111328,31.925617218017578,True,dow_sin,-0.9749279121818236,-0.07122711092233658,negative
31,18.887224,31.93282489111328,31.925617218017578,True,competitor_price_diff,2.589999999999989,-0.06404853612184525,negative
31,18.887224,31.93282489111328,31.925617218017578,True,demand_rolling_min_7,31.0,-0.03371759504079819,negative
31,18.887224,31.93282489111328,31.925617218017578,True,demand_rolling_max_14,56.0,-0.031043032184243202,negative
32,18.887224,5.033009331726074,5.025795936584473,True,day_of_week,1.0,0.30458158254623413,positive
32,18.887224,5.033009331726074,5.025795936584473,True,week_sin,-0.7485107481711011,0.24981702864170074,positive
32,18.887224,5.033009331726074,5.025795936584473,True,inventory_lag_7,159.0,0.1736408919095993,positive
32,18.887224,5.033009331726074,5.025795936584473,True,month_sin,-0.8660254037844385,0.040916308760643005,positive
32,18.887224,5.033009331726074,5.025795936584473,True,dow_sin,0.7818314824680298,0.0332227386534214,positive
32,18.887224,5.033009331726074,5.025795936584473,True,price_lag_7,984.01,0.030916845425963402,positive
32,18.887224,5.033009331726074,5.025795936584473,True,revenue_lag_7,3936.04,0.02142426185309887,positive
32,18.887224,5.033009331726074,5.025795936584473,True,day,11.0,0.019082942977547646,positive
32,18.887224,5.033009331726074,5.025795936584473,True,revenue_lag_1,5802.36,0.017432061955332756,positive
32,18.887224,5.033009331726074,5.025795936584473,True,price_rolling_mean_28,986.8592857142858,0.012038740329444408,positive
32,18.887224,5.033009331726074,5.025795936584473,True,demand_lag_7,4.0,-4.561003684997559,negative
32,18.887224,5.033009331726074,5.025795936584473,True,demand_lag_28,5.0,-3.2285685539245605,negative
32,18.887224,5.033009331726074,5.025795936584473,True,demand_lag_14,5.0,-2.8702023029327393,negative
32,18.887224,5.033009331726074,5.025795936584473,True,log_price,6.916605995580099,-0.8977651596069336,negative
32,18.887224,5.033009331726074,5.025795936584473,True,demand_rolling_mean_28,4.214285714285714,-0.6263584494590759,negative
32,18.887224,5.033009331726074,5.025795936584473,True,price_to_cost_markup,1.9782156862745097,-0.28951364755630493,negative
32,18.887224,5.033009331726074,5.025795936584473,True,price_lag_1,967.06,-0.2535918354988098,negative
32,18.887224,5.033009331726074,5.025795936584473,True,demand_rolling_mean_7,4.714285714285714,-0.1870896816253662,negative
32,18.887224,5.033009331726074,5.025795936584473,True,demand_rolling_mean_14,4.642857142857143,-0.17798520624637604,negative
32,18.887224,5.033009331726074,5.025795936584473,True,demand_rolling_std_7,1.112697280528372,-0.16970135271549225,negative
33,18.887224,28.584813874267578,28.577600479125977,True,demand_lag_7,32.0,5.141147136688232,positive
33,18.887224,28.584813874267578,28.577600479125977,True,demand_lag_28,25.0,3.4979946613311768,positive
33,18.887224,28.584813874267578,28.577600479125977,True,demand_lag_14,32.0,1.5204532146453857,positive
33,18.887224,28.584813874267578,28.577600479125977,True,day_of_week,3.0,0.6291499137878418,positive
33,18.887224,28.584813874267578,28.577600479125977,True,week_sin,-0.6631226582407955,0.4496118128299713,positive
33,18.887224,28.584813874267578,28.577600479125977,True,demand_rolling_mean_28,26.75,0.28078821301460266,positive
33,18.887224,28.584813874267578,28.577600479125977,True,demand_rolling_mean_14,28.142857142857142,0.1533994823694229,positive
33,18.887224,28.584813874267578,28.577600479125977,True,day_of_year,317.0,0.1529461294412613,positive
33,18.887224,28.584813874267578,28.577600479125977,True,demand_rolling_min_7,19.0,0.10614903271198273,positive
33,18.887224,28.584813874267578,28.577600479125977,True,demand_rolling_max_14,41.0,0.10168188810348511,positive
33,18.887224,28.584813874267578,28.577600479125977,True,log_price,5.01529110563245,-0.5284175872802734,negative
33,18.887224,28.584813874267578,28.577600479125977,True,price_to_cost_markup,1.6380434782608695,-0.33510303497314453,negative
33,18.887224,28.584813874267578,28.577600479125977,True,price_lag_14,136.59,-0.270506888628006,negative
33,18.887224,28.584813874267578,28.577600479125977,True,revenue_lag_7,4541.76,-0.26416152715682983,negative
33,18.887224,28.584813874267578,28.577600479125977,True,demand_rolling_std_7,4.461475305855876,-0.2526411712169647,negative
33,18.887224,28.584813874267578,28.577600479125977,True,price_deviation_rolling_28,3.7224999999999966,-0.22172872722148895,negative
33,18.887224,28.584813874267578,28.577600479125977,True,inventory_lag_1,184.0,-0.1762317717075348,negative
33,18.887224,28.584813874267578,28.577600479125977,True,demand_momentum_7_28,1.0360480640854473,-0.14178629219532013,negative
33,18.887224,28.584813874267578,28.577600479125977,True,demand_rolling_mean_7,27.714285714285715,-0.13539142906665802,negative
33,18.887224,28.584813874267578,28.577600479125977,True,competitor_price_ratio,1.0167318850357576,-0.11648394167423248,negative
34,18.887224,23.95956353475952,23.95235252380371,True,price_to_cost_markup,1.3343749999999999,1.5350764989852905,positive
34,18.887224,23.95956353475952,23.95235252380371,True,log_price,4.1596640283427435,1.4495583772659302,positive
34,18.887224,23.95956353475952,23.95235252380371,True,price_lag_1,62.59,0.5904610753059387,positive
34,18.887224,23.95956353475952,23.95235252380371,True,demand_lag_28,20.0,0.529464066028595,positive
34,18.887224,23.95956353475952,23.95235252380371,True,demand_lag_14,21.0,0.4385383427143097,positive
34,18.887224,23.95956353475952,23.95235252380371,True,competitor_price,66.08,0.29795601963996887,positive
34,18.887224,23.95956353475952,23.95235252380371,True,week_sin,-0.12053668025532283,0.29673057794570923,positive
34,18.887224,23.95956353475952,23.95235252380371,True,days_of_supply_proxy,5.9025423728813555,0.27870556712150574,positive
34,18.887224,23.95956353475952,23.95235252380371,True,unit_gross_margin_pct,25.058548009367676,0.22633740305900574,positive
34,18.887224,23.95956353475952,23.95235252380371,True,revenue_lag_7,1359.6,0.21635553240776062,positive
34,18.887224,23.95956353475952,23.95235252380371,True,day_of_week,6.0,-1.4897211790084839,negative
34,18.887224,23.95956353475952,23.95235252380371,True,demand_lag_7,22.0,-0.5944637060165405,negative
34,18.887224,23.95956353475952,23.95235252380371,True,price_lag_14,64.7,-0.20531785488128662,negative
34,18.887224,23.95956353475952,23.95235252380371,True,demand_momentum_7_28,1.0523968784838351,-0.16907107830047607,negative
34,18.887224,23.95956353475952,23.95235252380371,True,demand_rolling_mean_7,33.714285714285715,-0.1425335854291916,negative
34,18.887224,23.95956353475952,23.95235252380371,True,demand_rolling_mean_28,32.035714285714285,-0.14191992580890656,negative
34,18.887224,23.95956353475952,23.95235252380371,True,price_deviation_rolling_7,0.4114285714285657,-0.08035582304000854,negative
34,18.887224,23.95956353475952,23.95235252380371,True,price_deviation_rolling_28,-2.3260714285714386,-0.06662846356630325,negative
34,18.887224,23.95956353475952,23.95235252380371,True,dow_sin,-0.7818314824680299,-0.0612126961350441,negative
34,18.887224,23.95956353475952,23.95235252380371,True,demand_rolling_min_28,20.0,-0.05856919288635254,negative
35,18.887224,29.42644004156494,29.419231414794922,True,demand_lag_28,24.0,3.856212615966797,positive
35,18.887224,29.42644004156494,29.419231414794922,True,demand_lag_7,23.0,3.166435718536377,positive
35,18.887224,29.42644004156494,29.419231414794922,True,demand_lag_14,27.0,1.4309332370758057,positive
35,18.887224,29.42644004156494,29.419231414794922,True,log_price,4.912140047347156,1.3296561241149902,positive
35,18.887224,29.42644004156494,29.419231414794922,True,day_of_week,3.0,0.9228533506393433,positive
35,18.887224,29.42644004156494,29.419231414794922,True,price_to_cost_markup,1.4775,0.6557285189628601,positive
35,18.887224,29.42644004156494,29.419231414794922,True,price_deviation_rolling_28,-10.752857142857124,0.5146947503089905,positive
35,18.887224,29.42644004156494,29.419231414794922,True,price_lag_1,140.4,0.29865598678588867,positive
35,18.887224,29.42644004156494,29.419231414794922,True,price_deviation_rolling_7,-7.65285714285713,0.24462953209877014,positive
35,18.887224,29.42644004156494,29.419231414794922,True,competitor_price,140.95,0.2391006499528885,positive
35,18.887224,29.42644004156494,29.419231414794922,True,demand_rolling_mean_28,20.821428571428573,-1.0723952054977417,negative
35,18.887224,29.42644004156494,29.419231414794922,True,week_sin,0.6631226582407952,-0.3944590985774994,negative
35,18.887224,29.42644004156494,29.419231414794922,True,demand_rolling_mean_7,20.571428571428573,-0.38294318318367004,negative
35,18.887224,29.42644004156494,29.419231414794922,True,demand_rolling_min_28,10.0,-0.16083095967769623,negative
35,18.887224,29.42644004156494,29.419231414794922,True,week_cos,-0.7485107481711012,-0.1518620103597641,negative
35,18.887224,29.42644004156494,29.419231414794922,True,price_lag_14,137.39,-0.14100612699985504,negative
35,18.887224,29.42644004156494,29.419231414794922,True,inventory_lag_1,387.0,-0.12648914754390717,negative
35,18.887224,29.42644004156494,29.419231414794922,True,demand_rolling_mean_14,21.5,-0.12482434511184692,negative
35,18.887224,29.42644004156494,29.419231414794922,True,promo_price_interaction,135.93,-0.12057958543300629,negative
35,18.887224,29.42644004156494,29.419231414794922,True,price_rolling_mean_7,143.58285714285714,-0.10966514050960541,negative
36,18.887224,4.976050179504394,4.968835830688477,True,day_of_week,0.0,0.38421377539634705,positive
36,18.887224,4.976050179504394,4.968835830688477,True,week_sin,0.12053668025532308,0.22842499613761902,positive
36,18.887224,4.976050179504394,4.968835830688477,True,price_deviation_rolling_28,-26.321071428571372,0.15350030362606049,positive
36,18.887224,4.976050179504394,4.968835830688477,True,price_deviation_rolling_7,-27.3471428571429,0.15014290809631348,positive
36,18.887224,4.976050179504394,4.968835830688477,True,price_pct_change_1d,-6.021885341116528,0.04514636471867561,positive
36,18.887224,4.976050179504394,4.968835830688477,True,price_change_1d,-61.690000000000055,0.03318698704242706,positive
36,18.887224,4.976050179504394,4.968835830688477,True,price_lag_7,947.18,0.03122231364250183,positive
36,18.887224,4.976050179504394,4.968835830688477,True,dow_sin,0.0,0.029453344643115997,positive
36,18.887224,4.976050179504394,4.968835830688477,True,demand_momentum_7_28,1.0,0.028296951204538345,positive
36,18.887224,4.976050179504394,4.968835830688477,True,price_rolling_mean_28,989.0610714285714,0.01948588527739048,positive
36,18.887224,4.976050179504394,4.968835830688477,True,demand_lag_7,5.0,-4.496516227722168,negative
36,18.887224,4.976050179504394,4.968835830688477,True,demand_lag_28,5.0,-3.3048994541168213,negative
36,18.887224,4.976050179504394,4.968835830688477,True,demand_lag_14,4.0,-3.1783645153045654,negative
36,18.887224,4.976050179504394,4.968835830688477,True,log_price,6.869783385728583,-0.9367372393608093,negative
36,18.887224,4.976050179504394,4.968835830688477,True,demand_rolling_mean_28,4.285714285714286,-0.6504530906677246,negative
36,18.887224,4.976050179504394,4.968835830688477,True,price_to_cost_markup,1.8877254901960785,-0.29348838329315186,negative
36,18.887224,4.976050179504394,4.968835830688477,True,price_lag_1,1024.43,-0.2439122051000595,negative
36,18.887224,4.976050179504394,4.968835830688477,True,demand_rolling_mean_7,4.285714285714286,-0.18996819853782654,negative
36,18.887224,4.976050179504394,4.968835830688477,True,demand_rolling_mean_14,4.214285714285714,-0.1789505034685135,negative
36,18.887224,4.976050179504394,4.968835830688477,True,week_cos,-0.992708874098054,-0.14800740778446198,negative
37,18.887224,4.188831131958008,4.181617259979248,True,price_to_cost_markup,1.5444516129032257,0.2986755669116974,positive
37,18.887224,4.188831131958008,4.181617259979248,True,competitor_price_ratio,0.8461552056271318,0.17665356397628784,positive
37,18.887224,4.188831131958008,4.181617259979248,True,price_deviation_rolling_7,-36.02285714285722,0.14085865020751953,positive
37,18.887224,4.188831131958008,4.181617259979248,True,price_deviation_rolling_28,-38.29392857142864,0.13714443147182465,positive
37,18.887224,4.188831131958008,4.181617259979248,True,week_sin,0.35460488704253584,0.09812748432159424,positive
37,18.887224,4.188831131958008,4.181617259979248,True,revenue_lag_7,2043.28,0.09619124233722687,positive
37,18.887224,4.188831131958008,4.181617259979248,True,competitor_spread_pct,-15.38447943728683,0.05503784120082855,positive
37,18.887224,4.188831131958008,4.181617259979248,True,demand_momentum_7_28,1.0204081632653061,0.05403786152601242,positive
37,18.887224,4.188831131958008,4.181617259979248,True,competitor_price_diff,-87.05000000000007,0.051429565995931625,positive
37,18.887224,4.188831131958008,4.181617259979248,True,unit_gross_margin_pct,35.25209908517481,0.04886922985315323,positive
37,18.887224,4.188831131958008,4.181617259979248,True,demand_lag_7,4.0,-4.7770209312438965,negative
37,18.887224,4.188831131958008,4.181617259979248,True,demand_lag_28,4.0,-3.7823448181152344,negative
37,18.887224,4.188831131958008,4.181617259979248,True,demand_lag_14,4.0,-3.607149124145508,negative
37,18.887224,4.188831131958008,4.181617259979248,True,log_price,6.171241201716979,-0.8420823216438293,negative
37,18.887224,4.188831131958008,4.181617259979248,True,day_of_week,6.0,-0.7181018590927124,negative
37,18.887224,4.188831131958008,4.181617259979248,True,demand_rolling_mean_28,7.0,-0.5738526582717896,negative
37,18.887224,4.188831131958008,4.181617259979248,True,demand_rolling_mean_7,7.142857142857143,-0.22347356379032135,negative
37,18.887224,4.188831131958008,4.181617259979248,True,price_lag_1,523.61,-0.21022966504096985,negative
37,18.887224,4.188831131958008,4.181617259979248,True,demand_rolling_mean_14,7.142857142857143,-0.16178153455257416,negative
37,18.887224,4.188831131958008,4.181617259979248,True,week_cos,-0.9350162426854147,-0.12213647365570068,negative
38,18.887224,14.854869645141601,14.847657203674316,True,day_of_week,2.0,0.378638356924057,positive
38,18.887224,14.854869645141601,14.847657203674316,True,week_sin,-0.8229838658936564,0.28587764501571655,positive
38,18.887224,14.854869645141601,14.847657203674316,True,price_deviation_rolling_7,-28.66142857142853,0.23456940054893494,positive
38,18.887224,14.854869645141601,14.847657203674316,True,unit_gross_margin_dollar,147.04000000000002,0.2221507728099823,positive
38,18.887224,14.854869645141601,14.847657203674316,True,demand_lag_14,14.0,0.18071909248828888,positive
38,18.887224,14.854869645141601,14.847657203674316,True,inventory_change_1d,482.0,0.16572783887386322,positive
38,18.887224,14.854869645141601,14.847657203674316,True,price_deviation_rolling_28,-15.424285714285702,0.11927476525306702,positive
38,18.887224,14.854869645141601,14.847657203674316,True,dow_sin,0.9749279121818236,0.07021144777536392,positive
38,18.887224,14.854869645141601,14.847657203674316,True,price,372.04,0.051579222083091736,positive
38,18.887224,14.854869645141601,14.847657203674316,True,demand_rolling_std_14,3.0822070014844813,0.04847674444317818,positive
38,18.887224,14.854869645141601,14.847657203674316,True,demand_lag_7,15.0,-1.6696962118148804,negative
38,18.887224,14.854869645141601,14.847657203674316,True,demand_lag_28,12.0,-1.0345367193222046,negative
38,18.887224,14.854869645141601,14.847657203674316,True,demand_rolling_mean_28,13.571428571428571,-0.7277106046676636,negative
38,18.887224,14.854869645141601,14.847657203674316,True,log_price,5.9190013753742665,-0.32593750953674316,negative
38,18.887224,14.854869645141601,14.847657203674316,True,demand_rolling_mean_14,13.5,-0.25936633348464966,negative
38,18.887224,14.854869645141601,14.847657203674316,True,week_cos,-0.5680647467311559,-0.24521227180957794,negative
38,18.887224,14.854869645141601,14.847657203674316,True,price_lag_1,407.6,-0.2414170205593109,negative
38,18.887224,14.854869645141601,14.847657203674316,True,price_to_cost_markup,1.6535111111111112,-0.21846260130405426,negative
38,18.887224,14.854869645141601,14.847657203674316,True,demand_rolling_mean_7,13.428571428571429,-0.2076704204082489,negative
38,18.887224,14.854869645141601,14.847657203674316,True,demand_rolling_std_7,2.636736799982267,-0.14457659423351288,negative
39,18.887224,39.09910373022461,39.091896057128906,True,demand_lag_7,41.0,7.35601282119751,positive
39,18.887224,39.09910373022461,39.091896057128906,True,demand_lag_28,31.0,4.421672344207764,positive
39,18.887224,39.09910373022461,39.091896057128906,True,log_price,4.030516899475935,2.2783076763153076,positive
39,18.887224,39.09910373022461,39.091896057128906,True,demand_lag_14,36.0,2.1130402088165283,positive
39,18.887224,39.09910373022461,39.091896057128906,True,day_of_week,3.0,1.4107890129089355,positive
39,18.887224,39.09910373022461,39.091896057128906,True,price_to_cost_markup,1.1727083333333332,1.3939549922943115,positive
39,18.887224,39.09910373022461,39.091896057128906,True,price_lag_1,68.47,0.6339651942253113,positive
39,18.887224,39.09910373022461,39.091896057128906,True,price_pct_change_1d,-17.78881261866511,0.3527405858039856,positive
39,18.887224,39.09910373022461,39.091896057128906,True,price_rolling_mean_28,66.92214285714286,0.32262173295021057,positive
39,18.887224,39.09910373022461,39.091896057128906,True,revenue_rolling_mean_7,2038.3,0.3010292649269104,positive
39,18.887224,39.09910373022461,39.091896057128906,True,demand_rolling_mean_28,31.107142857142858,-1.294224739074707,negative
39,18.887224,39.09910373022461,39.091896057128906,True,demand_rolling_min_28,18.0,-0.4132920801639557,negative
39,18.887224,39.09910373022461,39.091896057128906,True,week_cos,-0.9350162426854147,-0.2727543115615845,negative
39,18.887224,39.09910373022461,39.091896057128906,True,inventory_lag_1,256.0,-0.19662539660930634,negative
39,18.887224,39.09910373022461,39.091896057128906,True,inventory_change_1d,-50.0,-0.18527968227863312,negative
39,18.887224,39.09910373022461,39.091896057128906,True,demand_rolling_mean_7,30.571428571428573,-0.18427912890911102,negative
39,18.887224,39.09910373022461,39.091896057128906,True,price_lag_14,67.63,-0.18116937577724457,negative
39,18.887224,39.09910373022461,39.091896057128906,True,inventory_level,206.0,-0.15951085090637207,negative
39,18.887224,39.09910373022461,39.091896057128906,True,demand_rolling_max_7,41.0,-0.15120929479599,negative
39,18.887224,39.09910373022461,39.091896057128906,True,day,4.0,-0.15092523396015167,negative
40,18.887224,44.87631587316895,44.869110107421875,True,demand_lag_7,59.0,9.646356582641602,positive
40,18.887224,44.87631587316895,44.869110107421875,True,demand_lag_14,47.0,6.786346912384033,positive
40,18.887224,44.87631587316895,44.869110107421875,True,demand_lag_28,45.0,5.720789432525635,positive
40,18.887224,44.87631587316895,44.869110107421875,True,log_price,4.1940390562533,1.2266812324523926,positive
40,18.887224,44.87631587316895,44.869110107421875,True,demand_rolling_mean_28,43.57142857142857,0.6402833461761475,positive
40,18.887224,44.87631587316895,44.869110107421875,True,demand_rolling_mean_7,45.42857142857143,0.5791629552841187,positive
40,18.887224,44.87631587316895,44.869110107421875,True,price_to_cost_markup,1.3810416666666667,0.5111299157142639,positive
40,18.887224,44.87631587316895,44.869110107421875,True,day_of_week,2.0,0.5072786808013916,positive
40,18.887224,44.87631587316895,44.869110107421875,True,week_sin,-0.8854560256532101,0.4685712456703186,positive
40,18.887224,44.87631587316895,44.869110107421875,True,month_sin,-0.8660254037844386,0.3554704487323761,positive
40,18.887224,44.87631587316895,44.869110107421875,True,competitor_price_ratio,1.0040896697970314,-0.3789333403110504,negative
40,18.887224,44.87631587316895,44.869110107421875,True,demand_momentum_7_28,1.0426229508196723,-0.2421317994594574,negative
40,18.887224,44.87631587316895,44.869110107421875,True,day,22.0,-0.21921615302562714,negative
40,18.887224,44.87631587316895,44.869110107421875,True,price_lag_7,57.99,-0.21783052384853363,negative
40,18.887224,44.87631587316895,44.869110107421875,True,demand_rolling_std_14,11.863694734240795,-0.1899784803390503,negative
40,18.887224,44.87631587316895,44.869110107421875,True,price_lag_14,64.89,-0.18426920473575592,negative
40,18.887224,44.87631587316895,44.869110107421875,True,inventory_lag_1,625.0,-0.16219133138656616,negative
40,18.887224,44.87631587316895,44.869110107421875,True,competitor_price,66.02,-0.15052561461925507,negative
40,18.887224,44.87631587316895,44.869110107421875,True,days_of_supply_proxy,11.71069182389937,-0.15010368824005127,negative
40,18.887224,44.87631587316895,44.869110107421875,True,price_rolling_mean_7,66.60714285714286,-0.14888618886470795,negative
41,18.887224,20.951827805541992,20.94462013244629,True,price_to_cost_markup,1.4449777777777777,1.0579732656478882,positive
41,18.887224,20.951827805541992,20.94462013244629,True,demand_lag_28,16.0,1.0355455875396729,positive
41,18.887224,20.951827805541992,20.94462013244629,True,demand_lag_14,17.0,1.010239839553833,positive
41,18.887224,20.951827805541992,20.94462013244629,True,price_deviation_rolling_7,-66.14857142857142,0.4479658305644989,positive
41,18.887224,20.951827805541992,20.94462013244629,True,day_of_week,0.0,0.4470939636230469,positive
41,18.887224,20.951827805541992,20.94462013244629,True,week_sin,-0.9709418174260521,0.3240242004394531,positive
41,18.887224,20.951827805541992,20.94462013244629,True,price_deviation_rolling_28,-57.63607142857143,0.2923942506313324,positive
41,18.887224,20.951827805541992,20.94462013244629,True,demand_rolling_mean_14,16.285714285714285,0.1580849438905716,positive
41,18.887224,20.951827805541992,20.94462013244629,True,price_lag_7,416.53,0.15452070534229279,positive
41,18.887224,20.951827805541992,20.94462013244629,True,unit_gross_margin_pct,30.794783464566933,0.13072797656059265,positive
41,18.887224,20.951827805541992,20.94462013244629,True,demand_lag_7,15.0,-1.7871558666229248,negative
41,18.887224,20.951827805541992,20.94462013244629,True,demand_rolling_mean_28,15.857142857142858,-0.49241918325424194,negative
41,18.887224,20.951827805541992,20.94462013244629,True,log_price,5.784194344950063,-0.24288392066955566,negative
41,18.887224,20.951827805541992,20.94462013244629,True,demand_rolling_std_7,4.577377082170636,-0.14568710327148438,negative
41,18.887224,20.951827805541992,20.94462013244629,True,demand_rolling_mean_7,15.571428571428571,-0.12548424303531647,negative
41,18.887224,20.951827805541992,20.94462013244629,True,revenue_lag_7,6247.95,-0.10235289484262466,negative
41,18.887224,20.951827805541992,20.94462013244629,True,demand_rolling_std_28,4.107033584927796,-0.09455318748950958,negative
41,18.887224,20.951827805541992,20.94462013244629,True,price_rolling_mean_7,391.2685714285714,-0.09337089210748672,negative
41,18.887224,20.951827805541992,20.94462013244629,True,competitor_price,441.14,-0.08693833649158478,negative
41,18.887224,20.951827805541992,20.94462013244629,True,promo_price_interaction,325.12,-0.07471992075443268,negative
42,18.887224,5.862860482238769,5.855647087097168,True,day_of_week,4.0,0.20714515447616577,positive
42,18.887224,5.862860482238769,5.855647087097168,True,competitor_price_ratio,0.8736312609269086,0.19317686557769775,positive
42,18.887224,5.862860482238769,5.855647087097168,True,price_deviation_rolling_28,-116.88785714285711,0.19056165218353271,positive
42,18.887224,5.862860482238769,5.855647087097168,True,price_deviation_rolling_7,-99.5342857142856,0.15175588428974152,positive
42,18.887224,5.862860482238769,5.855647087097168,True,competitor_spread_pct,-12.636873907309147,0.0569639727473259,positive
42,18.887224,5.862860482238769,5.855647087097168,True,price_pct_change_1d,-7.650657098391835,0.05496343970298767,positive
42,18.887224,5.862860482238769,5.855647087097168,True,competitor_price_diff,-123.60000000000002,0.05359339341521263,positive
42,18.887224,5.862860482238769,5.855647087097168,True,price_change_1d,-70.78999999999996,0.03886343166232109,positive
42,18.887224,5.862860482238769,5.855647087097168,True,day,1.0,0.03796419873833656,positive
42,18.887224,5.862860482238769,5.855647087097168,True,price_lag_7,998.91,0.03726945444941521,positive
42,18.887224,5.862860482238769,5.855647087097168,True,demand_lag_7,5.0,-4.31553840637207,negative
42,18.887224,5.862860482238769,5.855647087097168,True,demand_lag_28,6.0,-3.129411458969116,negative
42,18.887224,5.862860482238769,5.855647087097168,True,demand_lag_14,5.0,-2.821640729904175,negative
42,18.887224,5.862860482238769,5.855647087097168,True,log_price,6.750504799737022,-0.8836655020713806,negative
42,18.887224,5.862860482238769,5.855647087097168,True,demand_rolling_mean_28,4.464285714285714,-0.6530084013938904,negative
42,18.887224,5.862860482238769,5.855647087097168,True,price_lag_1,925.28,-0.20527762174606323,negative
42,18.887224,5.862860482238769,5.855647087097168,True,week_sin,0.8229838658936565,-0.20301678776741028,negative
42,18.887224,5.862860482238769,5.855647087097168,True,demand_rolling_mean_7,4.428571428571429,-0.19244270026683807,negative
42,18.887224,5.862860482238769,5.855647087097168,True,demand_rolling_std_7,0.9759000729485342,-0.17969796061515808,negative
42,18.887224,5.862860482238769,5.855647087097168,True,demand_rolling_mean_14,4.285714285714286,-0.17518948018550873,negative
43,18.887224,12.392009060882568,12.38479232788086,True,competitor_price_ratio,0.8263794460745725,0.39376744627952576,positive
43,18.887224,12.392009060882568,12.38479232788086,True,price_to_cost_markup,1.5396,0.3880438804626465,positive
43,18.887224,12.392009060882568,12.38479232788086,True,week_sin,-0.5680647467311556,0.31134095788002014,positive
43,18.887224,12.392009060882568,12.38479232788086,True,unit_gross_margin_dollar,121.41000000000003,0.251475989818573,positive
43,18.887224,12.392009060882568,12.38479232788086,True,price_deviation_rolling_7,-39.695714285714246,0.1908041387796402,positive
43,18.887224,12.392009060882568,12.38479232788086,True,price_deviation_rolling_28,-38.60214285714284,0.1368873119354248,positive
43,18.887224,12.392009060882568,12.38479232788086,True,price_lag_7,377.96,0.09694703668355942,positive
43,18.887224,12.392009060882568,12.38479232788086,True,demand_rolling_std_7,3.638419332360602,0.06465453654527664,positive
43,18.887224,12.392009060882568,12.38479232788086,True,unit_gross_margin_pct,35.04806443232009,0.04885510355234146,positive
43,18.887224,12.392009060882568,12.38479232788086,True,price_pct_change_1d,-10.093433688035294,0.04864218458533287,positive
43,18.887224,12.392009060882568,12.38479232788086,True,demand_lag_7,11.0,-2.7573111057281494,negative
43,18.887224,12.392009060882568,12.38479232788086,True,demand_lag_14,11.0,-1.7022308111190796,negative
43,18.887224,12.392009060882568,12.38479232788086,True,demand_lag_28,9.0,-1.5483479499816895,negative
43,18.887224,12.392009060882568,12.38479232788086,True,day_of_week,6.0,-0.7792444825172424,negative
43,18.887224,12.392009060882568,12.38479232788086,True,demand_rolling_mean_28,13.035714285714286,-0.45454493165016174,negative
43,18.887224,12.392009060882568,12.38479232788086,True,week_cos,-0.8229838658936566,-0.2202933430671692,negative
43,18.887224,12.392009060882568,12.38479232788086,True,price_lag_1,385.3,-0.1891280710697174,negative
43,18.887224,12.392009060882568,12.38479232788086,True,demand_rolling_mean_7,13.285714285714286,-0.1833355873823166,negative
43,18.887224,12.392009060882568,12.38479232788086,True,days_of_supply_proxy,49.82795698924731,-0.08292077481746674,negative
43,18.887224,12.392009060882568,12.38479232788086,True,revenue_lag_7,4157.56,-0.080015167593956,negative
44,18.887224,26.801881592773437,26.79467010498047,True,demand_lag_7,26.0,4.4159979820251465,positive
44,18.887224,26.801881592773437,26.79467010498047,True,demand_lag_28,31.0,3.666428327560425,positive
44,18.887224,26.801881592773437,26.79467010498047,True,demand_lag_14,25.0,1.003807544708252,positive
44,18.887224,26.801881592773437,26.79467010498047,True,day_of_week,0.0,0.990614652633667,positive
44,18.887224,26.801881592773437,26.79467010498047,True,revenue_lag_7,3792.62,0.17038752138614655,positive
44,18.887224,26.801881592773437,26.79467010498047,True,price_lag_1,129.95,0.15587842464447021,positive
44,18.887224,26.801881592773437,26.79467010498047,True,demand_rolling_mean_14,27.142857142857142,0.14201468229293823,positive
44,18.887224,26.801881592773437,26.79467010498047,True,demand_rolling_max_14,41.0,0.11873184889554977,positive
44,18.887224,26.801881592773437,26.79467010498047,True,price_lag_7,145.87,0.10763280093669891,positive
44,18.887224,26.801881592773437,26.79467010498047,True,price,147.56,0.10268447548151016,positive
44,18.887224,26.801881592773437,26.79467010498047,True,week_sin,0.8854560256532099,-0.7024718523025513,negative
44,18.887224,26.801881592773437,26.79467010498047,True,price_to_cost_markup,1.603913043478261,-0.33499839901924133,negative
44,18.887224,26.801881592773437,26.79467010498047,True,demand_rolling_mean_28,25.892857142857142,-0.3272806406021118,negative
44,18.887224,26.801881592773437,26.79467010498047,True,log_price,4.994234872728475,-0.27817755937576294,negative
44,18.887224,26.801881592773437,26.79467010498047,True,price_deviation_rolling_28,1.75928571428571,-0.271640419960022,negative
44,18.887224,26.801881592773437,26.79467010498047,True,demand_rolling_mean_7,28.285714285714285,-0.18773429095745087,negative
44,18.887224,26.801881592773437,26.79467010498047,True,demand_momentum_7_28,1.0924137931034483,-0.11849888414144516,negative
44,18.887224,26.801881592773437,26.79467010498047,True,revenue_lag_1,2728.95,-0.11718594282865524,negative
44,18.887224,26.801881592773437,26.79467010498047,True,unit_gross_margin_pct,37.6524803469775,-0.11704541742801666,negative
44,18.887224,26.801881592773437,26.79467010498047,True,price_change_1d,17.610000000000014,-0.11465569585561752,negative
45,18.887224,7.241038125061035,7.233825206756592,True,day_of_week,2.0,0.28835704922676086,positive
45,18.887224,7.241038125061035,7.233825206756592,True,dow_sin,0.9749279121818236,0.12269118428230286,positive
45,18.887224,7.241038125061035,7.233825206756592,True,week_sin,0.35460488704253584,0.11678886413574219,positive
45,18.887224,7.241038125061035,7.233825206756592,True,revenue_lag_7,3818.99,0.06474196165800095,positive
45,18.887224,7.241038125061035,7.233825206756592,True,inventory_lag_1,683.0,0.0402243472635746,positive
45,18.887224,7.241038125061035,7.233825206756592,True,day,3.0,0.029278652742505074,positive
45,18.887224,7.241038125061035,7.233825206756592,True,demand_momentum_7_28,1.0204081632653061,0.027427220717072487,positive
45,18.887224,7.241038125061035,7.233825206756592,True,month_sin,1.2246467991473532e-16,0.024570979177951813,positive
45,18.887224,7.241038125061035,7.233825206756592,True,demand_rolling_max_14,10.0,0.018847407773137093,positive
45,18.887224,7.241038125061035,7.233825206756592,True,price_rolling_mean_28,521.3575,0.013961323536932468,positive
45,18.887224,7.241038125061035,7.233825206756592,True,demand_lag_7,7.0,-3.9706130027770996,negative
45,18.887224,7.241038125061035,7.233825206756592,True,demand_lag_14,7.0,-2.75522780418396,negative
45,18.887224,7.241038125061035,7.233825206756592,True,demand_lag_28,9.0,-1.6599925756454468,negative
45,18.887224,7.241038125061035,7.233825206756592,True,log_price,6.279421581754193,-0.8502520322799683,negative
45,18.887224,7.241038125061035,7.233825206756592,True,demand_rolling_mean_28,7.0,-0.678676187992096,negative
45,18.887224,7.241038125061035,7.233825206756592,True,demand_rolling_mean_14,7.071428571428571,-0.22694392502307892,negative
45,18.887224,7.241038125061035,7.233825206756592,True,price_pct_change_1d,24.027619556878157,-0.20782501995563507,negative
45,18.887224,7.241038125061035,7.233825206756592,True,price_to_cost_markup,1.7209032258064516,-0.18994390964508057,negative
45,18.887224,7.241038125061035,7.233825206756592,True,demand_rolling_mean_7,7.142857142857143,-0.18654508888721466,negative
45,18.887224,7.241038125061035,7.233825206756592,True,price_lag_1,430.13,-0.18644338846206665,negative
46,18.887224,3.202966492675781,3.195749044418335,True,week_sin,-0.12053668025532283,0.17470930516719818,positive
46,18.887224,3.202966492675781,3.195749044418335,True,demand_momentum_7_28,1.0,0.05025874823331833,positive
46,18.887224,3.202966492675781,3.195749044418335,True,price_lag_7,1024.45,0.0443289615213871,positive
46,18.887224,3.202966492675781,3.195749044418335,True,month_sin,-0.4999999999999997,0.029177691787481308,positive
46,18.887224,3.202966492675781,3.195749044418335,True,competitor_price_diff,89.93000000000006,0.02650872804224491,positive
46,18.887224,3.202966492675781,3.195749044418335,True,day,5.0,0.026305969804525375,positive
46,18.887224,3.202966492675781,3.195749044418335,True,revenue_lag_7,4097.8,0.024597156792879105,positive
46,18.887224,3.202966492675781,3.195749044418335,True,inventory_lag_1,689.0,0.024480018764734268,positive
46,18.887224,3.202966492675781,3.195749044418335,True,price_rolling_mean_28,976.0017857142857,0.017315782606601715,positive
46,18.887224,3.202966492675781,3.195749044418335,True,inventory_lag_7,500.0,0.010656574741005898,positive
46,18.887224,3.202966492675781,3.195749044418335,True,demand_lag_7,4.0,-4.5592570304870605,negative
46,18.887224,3.202966492675781,3.195749044418335,True,demand_lag_28,3.0,-3.57891845703125,negative
46,18.887224,3.202966492675781,3.195749044418335,True,demand_lag_14,3.0,-3.3097589015960693,negative
46,18.887224,3.202966492675781,3.195749044418335,True,log_price,6.998263036503437,-0.8059360384941101,negative
46,18.887224,3.202966492675781,3.195749044418335,True,day_of_week,6.0,-0.7559369206428528,negative
46,18.887224,3.202966492675781,3.195749044418335,True,demand_rolling_mean_28,4.285714285714286,-0.5636369585990906,negative
46,18.887224,3.202966492675781,3.195749044418335,True,price_to_cost_markup,2.146529411764706,-0.37707823514938354,negative
46,18.887224,3.202966492675781,3.195749044418335,True,demand_rolling_mean_7,4.285714285714286,-0.2009854018688202,negative
46,18.887224,3.202966492675781,3.195749044418335,True,demand_rolling_mean_14,4.5,-0.15603536367416382,negative
46,18.887224,3.202966492675781,3.195749044418335,True,price_lag_1,989.21,-0.14496760070323944,negative
47,18.887224,5.755942147277832,5.748725414276123,True,day_of_week,1.0,0.30511945486068726,positive
47,18.887224,5.755942147277832,5.748725414276123,True,price_deviation_rolling_28,-146.25428571428563,0.19657287001609802,positive
47,18.887224,5.755942147277832,5.748725414276123,True,price_deviation_rolling_7,-126.66142857142859,0.14098650217056274,positive
47,18.887224,5.755942147277832,5.748725414276123,True,inventory_change_1d,486.0,0.06518099457025528,positive
47,18.887224,5.755942147277832,5.748725414276123,True,inventory_level,716.0,0.05774014815688133,positive
47,18.887224,5.755942147277832,5.748725414276123,True,competitor_spread_pct,-10.478502297186083,0.05383925512433052,positive
47,18.887224,5.755942147277832,5.748725414276123,True,competitor_price_diff,-100.58000000000004,0.05045999586582184,positive
47,18.887224,5.755942147277832,5.748725414276123,True,competitor_price_ratio,0.8952149770281392,0.04842956364154816,positive
47,18.887224,5.755942147277832,5.748725414276123,True,dow_sin,0.7818314824680298,0.04335696995258331,positive
47,18.887224,5.755942147277832,5.748725414276123,True,price_change_1d,-80.46000000000004,0.033380914479494095,positive
47,18.887224,5.755942147277832,5.748725414276123,True,demand_lag_7,5.0,-4.369657039642334,negative
47,18.887224,5.755942147277832,5.748725414276123,True,demand_lag_28,5.0,-3.1263976097106934,negative
47,18.887224,5.755942147277832,5.748725414276123,True,demand_lag_14,6.0,-2.7532761096954346,negative
47,18.887224,5.755942147277832,5.748725414276123,True,log_price,6.7561064668722,-0.8688521981239319,negative
47,18.887224,5.755942147277832,5.748725414276123,True,demand_rolling_mean_28,4.571428571428571,-0.6226894855499268,negative
47,18.887224,5.755942147277832,5.748725414276123,True,week_sin,1.0,-0.27261868119239807,negative
47,18.887224,5.755942147277832,5.748725414276123,True,price_lag_1,939.75,-0.21757006645202637,negative
47,18.887224,5.755942147277832,5.748725414276123,True,demand_rolling_mean_7,4.571428571428571,-0.1815139502286911,negative
47,18.887224,5.755942147277832,5.748725414276123,True,demand_rolling_mean_14,4.5,-0.17357732355594635,negative
47,18.887224,5.755942147277832,5.748725414276123,True,demand_rolling_std_7,1.1338934190276828,-0.16924472153186798,negative
48,18.887224,10.349756997131347,10.342541694641113,True,day_of_week,4.0,0.2069544643163681,positive
48,18.887224,10.349756997131347,10.342541694641113,True,week_sin,0.3546048870425356,0.11652086675167084,positive
48,18.887224,10.349756997131347,10.342541694641113,True,inventory_lag_1,732.0,0.09091682732105255,positive
48,18.887224,10.349756997131347,10.342541694641113,True,week_cos,0.9350162426854148,0.06238188594579697,positive
48,18.887224,10.349756997131347,10.342541694641113,True,inventory_level,356.0,0.047163620591163635,positive
48,18.887224,10.349756997131347,10.342541694641113,True,competitor_spread_pct,-8.968054558506825,0.03922717273235321,positive
48,18.887224,10.349756997131347,10.342541694641113,True,price_lag_7,535.32,0.0356970950961113,positive
48,18.887224,10.349756997131347,10.342541694641113,True,month_cos,0.8660254037844387,0.027736930176615715,positive
48,18.887224,10.349756997131347,10.342541694641113,True,demand_rolling_min_14,6.0,0.025858845561742783,positive
48,18.887224,10.349756997131347,10.342541694641113,True,month_sin,0.49999999999999994,0.022803213447332382,positive
48,18.887224,10.349756997131347,10.342541694641113,True,demand_lag_7,9.0,-3.1531624794006348,negative
48,18.887224,10.349756997131347,10.342541694641113,True,demand_lag_14,8.0,-1.8291634321212769,negative
48,18.887224,10.349756997131347,10.342541694641113,True,demand_lag_28,11.0,-1.310620903968811,negative
48,18.887224,10.349756997131347,10.342541694641113,True,log_price,6.22896454963881,-0.9058008790016174,negative
48,18.887224,10.349756997131347,10.342541694641113,True,demand_rolling_mean_28,8.964285714285714,-0.575814425945282,negative
48,18.887224,10.349756997131347,10.342541694641113,True,demand_rolling_mean_7,8.714285714285714,-0.17139875888824463,negative
48,18.887224,10.349756997131347,10.342541694641113,True,demand_rolling_std_7,2.138089935299398,-0.11955241113901138,negative
48,18.887224,10.349756997131347,10.342541694641113,True,price_lag_1,475.96,-0.11262248456478119,negative
48,18.887224,10.349756997131347,10.342541694641113,True,revenue_lag_7,4817.88,-0.10950170457363129,negative
48,18.887224,10.349756997131347,10.342541694641113,True,demand_rolling_min_28,5.0,-0.1023099422454834,negative
49,18.887224,11.221039097808838,11.213825225830078,True,price_to_cost_markup,1.4559032258064515,0.43664243817329407,positive
49,18.887224,11.221039097808838,11.213825225830078,True,competitor_price_ratio,0.8423793348015977,0.2220579981803894,positive
49,18.887224,11.221039097808838,11.213825225830078,True,week_sin,6.432490598706546e-16,0.16590598225593567,positive
49,18.887224,11.221039097808838,11.213825225830078,True,price_deviation_rolling_7,-57.66285714285715,0.1641773134469986,positive
49,18.887224,11.221039097808838,11.213825225830078,True,day_of_week,4.0,0.15710707008838654,positive
49,18.887224,11.221039097808838,11.213825225830078,True,price_deviation_rolling_28,-66.4942857142857,0.14631839096546173,positive
49,18.887224,11.221039097808838,11.213825225830078,True,day_of_year,360.0,0.1306002289056778,positive
49,18.887224,11.221039097808838,11.213825225830078,True,unit_gross_margin_dollar,141.32999999999998,0.11745134741067886,positive
49,18.887224,11.221039097808838,11.213825225830078,True,price_lag_7,491.62,0.09105690568685532,positive
49,18.887224,11.221039097808838,11.213825225830078,True,unit_gross_margin_pct,31.314116056987125,0.08465006202459335,positive
49,18.887224,11.221039097808838,11.213825225830078,True,demand_lag_7,9.0,-3.2867867946624756,negative
49,18.887224,11.221039097808838,11.213825225830078,True,demand_lag_14,11.0,-1.8579328060150146,negative
49,18.887224,11.221039097808838,11.213825225830078,True,demand_lag_28,10.0,-1.5938504934310913,negative
49,18.887224,11.221039097808838,11.213825225830078,True,log_price,6.1121987792524655,-0.9444872140884399,negative
49,18.887224,11.221039097808838,11.213825225830078,True,demand_rolling_mean_28,9.607142857142858,-0.5498046278953552,negative
49,18.887224,11.221039097808838,11.213825225830078,True,price_lag_1,509.76,-0.2401530146598816,negative
49,18.887224,11.221039097808838,11.213825225830078,True,demand_rolling_mean_7,9.571428571428571,-0.1737423688173294,negative
49,18.887224,11.221039097808838,11.213825225830078,True,demand_rolling_std_7,2.8199966227605584,-0.1215505301952362,negative
49,18.887224,11.221039097808838,11.213825225830078,True,revenue_lag_7,4424.58,-0.10996544361114502,negative
49,18.887224,11.221039097808838,11.213825225830078,True,price,451.33,-0.10195733606815338,negative
